<DATE>	<OPEN>	<HIGH>	<LOW>	<CLOSE>	<TICKVOL>	<VOL>	<SPREAD>
2015.11.17	6.39601	6.40979	6.39532	6.40924	15077	22574834000	22
2015.11.18	6.41169	6.41973	6.40189	6.41649	24651	26550149000	0
2015.11.19	6.41627	6.41727	6.40189	6.40189	23254	20970448000	0
2015.11.20	6.40359	6.42100	6.40299	6.41931	23555	18111362000	0
2015.11.23	6.41183	6.43498	6.41183	6.42645	17973	15115190000	0
2015.11.24	6.42617	6.43271	6.42197	6.42622	13952	10465084000	5
2015.11.25	6.42625	6.42823	6.41452	6.42186	21003	15819444000	5
2015.11.26	6.42189	6.43906	6.41899	6.43341	13249	9081260000	2
2015.11.27	6.43331	6.45794	6.43231	6.44756	18351	14338046000	0
2015.11.30	6.44853	6.46079	6.41571	6.42395	35717	28295934000	0
2015.12.01	6.42359	6.44990	6.42359	6.44569	25034	11286996000	0
2015.12.02	6.44409	6.45021	6.43614	6.44600	32154	0	212
2015.12.03	6.44797	6.45429	6.41931	6.42069	23639	0	245
2015.12.04	6.42072	6.45079	6.42041	6.44372	17972	0	245
2015.12.07	6.44427	6.47419	6.44221	6.47067	20593	0	0
2015.12.08	6.47232	6.49855	6.47078	6.48677	29376	0	245
2015.12.09	6.48652	6.52227	6.48528	6.50152	26694	0	245
2015.12.10	6.50382	6.54304	6.48759	6.49737	37180	0	245
2015.12.11	6.49727	6.56139	6.49687	6.53057	29515	0	245
2015.12.14	6.53397	6.55950	6.53211	6.55415	20088	0	245
2015.12.15	6.55212	6.55340	6.52640	6.53829	18389	5885000000	60
2015.12.16	6.53852	6.54412	6.51372	6.52245	17367	8206500000	0
2015.12.17	6.52367	6.57070	6.52301	6.56637	15939	7322000000	0
2015.12.18	6.56612	6.57328	6.55050	6.55172	12781	5660000000	0
2015.12.21	6.55377	6.55733	6.54620	6.54903	10526	4585500000	0
2015.12.22	6.55150	6.55187	6.52460	6.52507	11062	4678500000	0
2015.12.23	6.53150	6.54836	6.52577	6.54361	9559	4082500000	0
2015.12.24	6.54500	6.54770	6.52995	6.54001	7402	3290500000	0
2015.12.28	6.54092	6.56433	6.53462	6.55854	7872	3498500000	0
2015.12.29	6.56015	6.58166	6.55749	6.57524	11786	5208000000	0
2015.12.30	6.57675	6.60983	6.56186	6.56576	17451	8185500000	0
2015.12.31	6.56600	6.59240	6.56418	6.56675	12443	5763000000	0
2016.01.04	6.56917	6.63433	6.56872	6.62811	18506	8283000000	0
2016.01.05	6.62837	6.65356	6.62650	6.64365	18587	8506500000	0
2016.01.06	6.64395	6.73125	6.63540	6.69296	30244	14471000000	0
2016.01.07	6.69515	6.76363	6.66291	6.67970	37433	17751000000	0
2016.01.08	6.68174	6.69103	6.65070	6.68089	22343	9828000000	60
2016.01.11	6.68799	6.69070	6.58294	6.58294	22094	10854500000	60
2016.01.12	6.59355	6.60720	6.56535	6.57570	32880	13799500000	0
2016.01.13	6.57591	6.58179	6.55963	6.56467	20564	9127500000	0
2016.01.14	6.56587	6.62510	6.56584	6.59931	19723	8790000000	0
2016.01.15	6.60115	6.61992	6.59771	6.61351	14332	8068750000	0
2016.01.18	6.59857	6.60347	6.57211	6.58338	16556	34421750000	0
2016.01.19	6.58318	6.60887	6.58279	6.58913	13344	10457000000	16
2016.01.20	6.59003	6.61198	6.58794	6.60114	13936	5972500000	0
2016.01.21	6.60205	6.61910	6.53677	6.60170	12336	5191500000	0
2016.01.22	6.60172	6.61560	6.60044	6.60938	10118	3657500000	0
2016.01.25	6.60883	6.61835	6.60141	6.60879	9507	3435000000	0
2016.01.26	6.60813	6.61989	6.60721	6.60976	11547	3666500000	0
2016.01.27	6.61052	6.61900	6.60495	6.61603	13834	3827500000	0
2016.01.28	6.61037	6.61700	6.60856	6.61215	7999	3999500000	39
2016.01.29	6.61663	6.63122	6.59080	6.59340	13920	6960000000	39
2016.02.01	6.60641	6.62000	6.59551	6.61844	8235	4117500000	59
2016.02.02	6.61596	6.62980	6.61317	6.62470	8051	4025500000	39
2016.02.03	6.62471	6.65070	6.59751	6.60887	18165	9082500000	60
2016.02.04	6.61297	6.61836	6.56202	6.57390	16572	8091000000	39
2016.02.05	6.57421	6.58390	6.55722	6.56644	18749	8364500000	0
2016.02.08	6.57377	6.58306	6.56719	6.57073	6359	2302500000	0
2016.02.09	6.57117	6.58167	6.56118	6.56283	6848	2443500000	0
2016.02.10	6.56436	6.56717	6.52618	6.54355	9568	3940500000	0
2016.02.11	6.54497	6.54906	6.52575	6.52770	13796	5383500000	0
2016.02.12	6.52835	6.54805	6.49841	6.50564	15401	6154000000	0
2016.02.15	6.51052	6.53470	6.48600	6.49653	14897	6155000000	0
2016.02.16	6.49846	6.52580	6.49673	6.51670	16164	5986500000	0
2016.02.17	6.51708	6.53776	6.51641	6.52270	13462	5530500000	0
2016.02.18	6.52356	6.53087	6.51527	6.52061	12346	3863000000	0
2016.02.19	6.52177	6.52870	6.51978	6.52110	12127	4207000000	0
2016.02.22	6.52838	6.52948	6.52029	6.52690	8473	3012500000	0
2016.02.23	6.52712	6.53731	6.52463	6.53270	12302	4208500000	0
2016.02.24	6.53445	6.54323	6.53098	6.53327	11997	4852000000	0
2016.02.25	6.53549	6.54523	6.53130	6.53220	12313	5013500000	0
2016.02.26	6.53415	6.54759	6.53081	6.54220	13822	4627000000	0
2016.02.29	6.54387	6.55895	6.54280	6.55063	13826	5542500000	0
2016.03.01	6.55105	6.55521	6.53967	6.54657	11739	4684500000	0
2016.03.02	6.54840	6.55565	6.54578	6.54629	9756	3712000000	0
2016.03.03	6.54777	6.54857	6.51837	6.52041	11089	4431000000	0
2016.03.04	6.51924	6.52920	6.49693	6.49693	15485	5981500000	0
2016.03.07	6.50277	6.52421	6.49679	6.50683	15550	4200000000	0
2016.03.08	6.51122	6.51412	6.50447	6.50725	13727	4153500000	0
2016.03.09	6.50765	6.51930	6.50601	6.50770	10137	3511000000	0
2016.03.10	6.51167	6.52652	6.50051	6.50310	10554	4930000000	60
2016.03.11	6.50440	6.50573	6.46989	6.47733	12467	5963500000	60
2016.03.14	6.48270	6.49666	6.48270	6.49357	7439	3261000000	0
2016.03.15	6.49760	6.51213	6.49731	6.51009	9972	4629500000	0
2016.03.16	6.50876	6.52515	6.47838	6.48274	10568	4847500000	0
2016.03.17	6.48883	6.49827	6.44940	6.45528	15842	7615000000	0
2016.03.18	6.46475	6.47805	6.43946	6.46259	14392	6914000000	60
2016.03.21	6.47171	6.48469	6.47038	6.48176	9467	4313500000	60
2016.03.22	6.48987	6.49733	6.48527	6.49384	11637	5532500000	60
2016.03.23	6.49256	6.50945	6.48767	6.50574	10605	5023000000	60
2016.03.24	6.51095	6.52430	6.51086	6.52108	10760	5052000000	60
2016.03.25	6.52154	6.52902	6.51974	6.52398	4117	1392000000	0
2016.03.28	6.52566	6.52850	6.51359	6.51450	5154	2036000000	60
2016.03.29	6.51690	6.51846	6.48974	6.49110	10795	5007000000	60
2016.03.30	6.48684	6.49625	6.47054	6.47296	14179	6734500000	60
2016.03.31	6.47664	6.48007	6.45665	6.46317	12799	6107000000	60
2016.04.01	6.46215	6.48388	6.46168	6.46885	11297	5300500000	60
2016.04.04	6.46830	6.48200	6.46413	6.46750	5844	2087000000	60
2016.04.05	6.47542	6.48635	6.47169	6.48470	10321	4794500000	60
2016.04.06	6.48360	6.49345	6.47868	6.48120	11390	5271000000	60
2016.04.07	6.47705	6.49034	6.47429	6.48430	12892	6008000000	60
2016.04.08	6.48514	6.49282	6.47360	6.47360	8842	4001000000	60
2016.04.11	6.48395	6.48406	6.46574	6.46710	10903	5032500000	60
2016.04.12	6.47155	6.48514	6.46799	6.47211	10940	5002000000	60
2016.04.13	6.47595	6.48561	6.47073	6.48367	11543	5434500000	60
2016.04.14	6.48644	6.50045	6.48506	6.49070	11794	5430500000	60
2016.04.15	6.49186	6.49846	6.48021	6.48131	11078	5177000000	60
2016.04.18	6.49018	6.49150	6.47989	6.48166	8000	3487000000	60
2016.04.19	6.47903	6.48528	6.46597	6.46744	10656	4979000000	60
2016.04.20	6.47010	6.48200	6.46763	6.48010	11068	5170000000	60
2016.04.21	6.48205	6.48890	6.47605	6.48560	12514	5933000000	0
2016.04.22	6.48907	6.50686	6.48264	6.50094	11824	5561000000	60
2016.04.25	6.50000	6.51652	6.50000	6.50478	11788	5598500000	60
2016.04.26	6.50343	6.50895	6.49634	6.50020	11973	5678500000	0
2016.04.27	6.50297	6.51344	6.49556	6.50255	14049	6710000000	60
2016.04.28	6.50493	6.51520	6.47970	6.48150	14463	6942000000	60
2016.04.29	6.48402	6.49240	6.47473	6.48151	13973	6571500000	60
2016.05.02	6.48580	6.48690	6.47745	6.47895	5862	2353000000	60
2016.05.03	6.47833	6.50524	6.47398	6.50291	10971	5247000000	0
2016.05.04	6.50290	6.52040	6.49981	6.51590	12393	5773500000	0
2016.05.05	6.51507	6.52085	6.50820	6.51843	11369	5442500000	0
2016.05.06	6.52049	6.52340	6.50767	6.51452	11746	5584500000	60
2016.05.09	6.51510	6.54050	6.51002	6.53985	12188	5832000000	0
2016.05.10	6.54016	6.54433	6.53355	6.53520	13323	6324500000	60
2016.05.11	6.53594	6.53887	6.52471	6.52586	9687	4536000000	60
2016.05.12	6.52705	6.54951	6.52458	6.54640	11203	5267000000	60
2016.05.13	6.54761	6.55950	6.53821	6.55056	13433	6423500000	0
2016.05.16	6.55735	6.55935	6.54151	6.54842	10610	5013000000	60
2016.05.17	6.54639	6.54850	6.53673	6.54604	10585	4864500000	60
2016.05.18	6.54884	6.57990	6.54390	6.57570	14585	6998000000	60
2016.05.19	6.57666	6.57690	6.55797	6.56075	14903	7148500000	60
2016.05.20	6.56118	6.56596	6.55350	6.56184	10710	5006000000	60
2016.05.23	6.56046	6.56615	6.55439	6.56020	9736	4529500000	60
2016.05.24	6.56185	6.56880	6.55898	6.56490	11183	5263000000	0
2016.05.25	6.56597	6.56910	6.56016	6.56370	10301	4735500000	60
2016.05.26	6.56285	6.56594	6.55148	6.55670	9447	4325500000	60
2016.05.27	6.55739	6.57759	6.55613	6.57234	9803	4537000000	60
2016.05.30	6.57787	6.59125	6.57616	6.58854	8475	3750500000	60
2016.05.31	6.58703	6.59216	6.58149	6.58500	11521	5487000000	60
2016.06.01	6.58598	6.59881	6.58384	6.58502	13257	6258500000	60
2016.06.02	6.58758	6.58840	6.58098	6.58632	10885	5075000000	60
2016.06.03	6.58823	6.59559	6.53737	6.53933	12837	6045000000	60
2016.06.06	6.54731	6.57131	6.54601	6.56544	12338	5835000000	0
2016.06.07	6.56586	6.57813	6.56547	6.57470	12527	5959000000	60
2016.06.08	6.57386	6.57934	6.56400	6.56531	9138	4323500000	60
2016.06.09	6.56526	6.58519	6.56259	6.58196	6903	2939000000	60
2016.06.10	6.58156	6.60783	6.58062	6.60017	8833	4156000000	0
2016.06.13	6.60024	6.60480	6.59361	6.59514	10523	5045500000	60
2016.06.14	6.59723	6.60666	6.59428	6.60485	10285	4951000000	60
2016.06.15	6.61211	6.61516	6.58509	6.59345	12946	6327000000	60
2016.06.16	6.59334	6.60592	6.58474	6.59555	13784	6790500000	60
2016.06.17	6.59010	6.60323	6.58692	6.59350	9790	4730000000	60
2016.06.20	6.58808	6.59317	6.58290	6.58669	10412	4977500000	60
2016.06.21	6.58745	6.59577	6.58229	6.59302	9381	4460000000	60
2016.06.22	6.59719	6.59866	6.57856	6.57970	10065	4830500000	60
2016.06.23	6.58128	6.59480	6.57724	6.57724	13102	6286000000	60
2016.06.24	6.59425	6.65143	6.59228	6.62811	24782	12165000000	60
2016.06.27	6.64652	6.68742	6.64329	6.67789	16203	7902500000	60
2016.06.28	6.68098	6.68887	6.67230	6.68141	15273	7505500000	60
2016.06.29	6.67612	6.68412	6.65047	6.65256	15860	7742500000	60
2016.06.30	6.65477	6.70185	6.65150	6.66352	20366	9973000000	60
2016.07.01	6.66908	6.67806	6.66087	6.67445	11272	5337000000	60
2016.07.04	6.67001	6.68207	6.66981	6.67331	8932	4092500000	60
2016.07.05	6.67335	6.69554	6.67334	6.68720	13233	6390000000	60
2016.07.06	6.69539	6.70750	6.69305	6.69359	16501	8120000000	60
2016.07.07	6.69579	6.70236	6.68996	6.70007	13224	6416000000	60
2016.07.08	6.69718	6.70809	6.69377	6.70077	11679	5584000000	60
2016.07.11	6.70006	6.70736	6.69509	6.70394	11009	5308500000	60
2016.07.12	6.70308	6.70595	6.69292	6.69590	12491	6119500000	60
2016.07.13	6.69857	6.70115	6.67848	6.68640	14700	7191500000	60
2016.07.14	6.69203	6.69739	6.68747	6.69000	11171	5385500000	60
2016.07.15	6.69253	6.71676	6.68543	6.70441	12451	6052000000	60
2016.07.18	6.70592	6.71607	6.70182	6.70848	12089	5813500000	60
2016.07.19	6.71014	6.71565	6.70174	6.70915	11128	5383000000	60
2016.07.20	6.71036	6.71173	6.67566	6.67661	15550	7544000000	60
2016.07.21	6.67726	6.68597	6.66784	6.67435	16766	8219000000	60
2016.07.22	6.67548	6.68602	6.66952	6.68160	12988	6319500000	60
2016.07.25	6.68696	6.69102	6.68294	6.68630	9546	4539000000	60
2016.07.26	6.68755	6.68786	6.67472	6.67950	10807	5172500000	60
2016.07.27	6.68080	6.68245	6.66942	6.67060	13691	6657500000	60
2016.07.28	6.66497	6.66911	6.65749	6.65961	11410	5551500000	60
2016.07.29	6.65939	6.66424	6.62225	6.62754	17026	8388000000	60
2016.08.01	6.63366	6.64747	6.62780	6.64474	10456	5022000000	60
2016.08.02	6.64617	6.65957	6.62741	6.62867	10376	4994000000	60
2016.08.03	6.63651	6.64399	6.63128	6.64187	12382	5997000000	60
2016.08.04	6.64399	6.65328	6.63314	6.64650	11020	5310500000	60
2016.08.05	6.64639	6.67150	6.64383	6.66184	10966	5276000000	60
2016.08.08	6.66836	6.67390	6.66318	6.66800	8919	4200000000	60
2016.08.09	6.66893	6.67174	6.65780	6.65960	7878	3697500000	60
2016.08.10	6.66286	6.66286	6.63097	6.64190	12273	5950500000	0
2016.08.11	6.63979	6.65062	6.63303	6.64146	12204	5941500000	60
2016.08.12	6.64829	6.65610	6.63991	6.64705	11700	5632000000	60
2016.08.15	6.64905	6.65647	6.64397	6.64594	9603	4576500000	60
2016.08.16	6.64684	6.64684	6.62322	6.62870	15444	7545500000	60
2016.08.17	6.62760	6.64355	6.62584	6.63411	13786	6750500000	60
2016.08.18	6.63153	6.64001	6.62281	6.63019	14358	7061000000	60
2016.08.19	6.63473	6.66193	6.63264	6.65140	13969	6836000000	60
2016.08.22	6.66249	6.67408	6.65732	6.66065	12212	5958000000	60
2016.08.23	6.66057	6.66097	6.64751	6.65647	13781	6724500000	60
2016.08.24	6.66003	6.67233	6.65778	6.67105	12175	5914500000	60
2016.08.25	6.67269	6.67291	6.66531	6.66780	9927	4749000000	60
2016.08.26	6.66944	6.69638	6.66438	6.68884	18082	8877000000	60
2016.08.29	6.69896	6.70233	6.68612	6.68870	12127	5906000000	60
2016.08.30	6.68804	6.69682	6.68443	6.69190	10842	5214500000	60
2016.08.31	6.69126	6.69696	6.68698	6.69003	11520	5580000000	60
2016.09.01	6.69100	6.69379	6.68309	6.68420	10922	5278000000	60
2016.09.02	6.68262	6.69879	6.68171	6.69306	15589	7646000000	60
2016.09.05	6.69643	6.69643	6.68536	6.68854	8918	4173500000	60
2016.09.06	6.69201	6.69915	6.67291	6.67370	13231	6422500000	60
2016.09.07	6.67270	6.68097	6.66500	6.66970	15771	7709000000	60
2016.09.08	6.67254	6.68072	6.66316	6.67915	17471	8570000000	60
2016.09.09	6.67791	6.69850	6.67582	6.69120	17600	8653000000	60
2016.09.12	6.69788	6.69839	6.67964	6.68377	16511	8085000000	60
2016.09.13	6.68894	6.69151	6.68312	6.68933	13457	6504000000	60
2016.09.14	6.69140	6.69238	6.66340	6.66509	21656	10713000000	60
2016.09.15	6.66990	6.67376	6.64610	6.64763	18059	8667000000	62
2016.09.16	6.64885	6.65611	6.64099	6.64938	14560	6505000000	62
2016.09.19	6.66167	6.67097	6.65951	6.66476	17493	8215500000	62
2016.09.20	6.66799	6.68457	6.66473	6.68105	15695	7360000000	62
2016.09.21	6.68170	6.68433	6.66621	6.66657	21683	10640000000	62
2016.09.22	6.66847	6.68302	6.66644	6.68115	15098	7349500000	62
2016.09.23	6.68108	6.68339	6.67259	6.67511	14416	6977000000	62
2016.09.26	6.67843	6.68455	6.67701	6.68221	14741	6768500000	62
2016.09.27	6.68367	6.68508	6.67681	6.68230	14130	6625000000	62
2016.09.28	6.68289	6.69000	6.67942	6.67999	14438	7009000000	62
2016.09.29	6.68204	6.68698	6.66751	6.66869	16191	7847500000	62
2016.09.30	6.67419	6.68136	6.66895	6.67274	16035	7816500000	62
2016.10.03	6.67432	6.67959	6.67273	6.67654	7118	2880500000	62
2016.10.04	6.67822	6.69488	6.67658	6.69344	11580	5270500000	62
2016.10.05	6.69163	6.69964	6.68752	6.69767	11075	5203500000	62
2016.10.06	6.69552	6.71392	6.69190	6.70599	16727	8003500000	62
2016.10.07	6.71143	6.71804	6.70121	6.70634	21695	10535250000	62
2016.10.10	6.70620	6.71817	6.70010	6.71556	11922	5194000000	62
2016.10.11	6.72049	6.73139	6.71736	6.72763	20757	9929500000	62
2016.10.12	6.72787	6.73107	6.71701	6.72438	19148	9314500000	62
2016.10.13	6.72781	6.74002	6.72666	6.73219	17834	8688000000	62
2016.10.14	6.73420	6.73760	6.72903	6.73294	16760	8123000000	62
2016.10.17	6.73924	6.74978	6.73763	6.74553	16126	7432500000	0
2016.10.18	6.74433	6.74754	6.73881	6.74186	15871	7273500000	62
2016.10.19	6.74367	6.74679	6.73705	6.73819	17012	7826500000	62
2016.10.20	6.74155	6.74916	6.73885	6.74588	17596	8606000000	62
2016.10.21	6.75191	6.77575	6.75052	6.76551	17665	8657250000	62
2016.10.24	6.77434	6.78763	6.77102	6.78148	14492	7020000000	62
2016.10.25	6.78620	6.78812	6.77155	6.77333	16587	7943500000	62
2016.10.26	6.77616	6.78575	6.77372	6.78354	13215	6400000000	62
2016.10.27	6.78282	6.79698	6.78282	6.79273	14287	7003500000	62
2016.10.28	6.79439	6.79841	6.77880	6.77880	15215	7455000000	62
2016.10.31	6.78439	6.78595	6.77467	6.77724	12608	5798000000	0
2016.11.01	6.77998	6.78587	6.77022	6.77246	13072	6312250000	62
2016.11.02	6.77362	6.77568	6.76226	6.76480	16624	8115250000	62
2016.11.03	6.76620	6.77370	6.76539	6.76992	14271	6937250000	62
2016.11.04	6.77117	6.77234	6.76393	6.77175	13997	6812000000	62
2016.11.07	6.77759	6.79409	6.77647	6.79287	11919	5544500000	62
2016.11.08	6.78814	6.79979	6.78629	6.79553	11579	5232500000	62
2016.11.09	6.79900	6.83775	6.77336	6.83282	33640	16716500000	62
2016.11.10	6.82334	6.83434	6.80834	6.82753	24299	12021500000	62
2016.11.11	6.83061	6.84910	6.80118	6.81732	22996	11309750000	62
2016.11.14	6.82618	6.86372	6.82618	6.85320	21765	10334500000	62
2016.11.15	6.85045	6.87936	6.84669	6.87119	25157	12398000000	62
2016.11.16	6.87217	6.89562	6.87002	6.88686	22177	11062500000	62
2016.11.17	6.88702	6.90449	6.87888	6.90315	20780	10232500000	62
2016.11.18	6.90749	6.91219	6.88447	6.89139	24295	12088500000	62
2016.11.21	6.90314	6.91769	6.89851	6.89897	20455	10079000000	62
2016.11.22	6.89992	6.91511	6.89631	6.90989	19983	9808000000	62
2016.11.23	6.91078	6.95618	6.90948	6.95219	22818	11266000000	62
2016.11.24	6.95617	6.96482	6.93967	6.94380	19294	9504000000	62
2016.11.25	6.95531	6.95829	6.93473	6.94175	20946	10266500000	62
2016.11.28	6.93661	6.93972	6.91932	6.92566	19668	9711250000	62
2016.11.29	6.92603	6.92893	6.91039	6.91236	21517	10648500000	62
2016.11.30	6.90841	6.91942	6.89307	6.91396	22087	10968500000	62
2016.12.01	6.91455	6.91464	6.87570	6.87870	19993	9943000000	62
2016.12.02	6.87299	6.89069	6.86465	6.86465	19701	9775750000	62
2016.12.05	6.88276	6.88887	6.85446	6.85576	17590	8722250000	62
2016.12.06	6.86680	6.88732	6.86500	6.88586	22829	11315500000	62
2016.12.07	6.89049	6.90709	6.88940	6.89446	17858	8833000000	62
2016.12.08	6.90054	6.91619	6.88700	6.90902	20220	9987500000	62
2016.12.09	6.91723	6.93954	6.91300	6.92597	18417	9055000000	62
2016.12.12	6.93636	6.94284	6.92146	6.92266	19387	9494500000	62
2016.12.13	6.92070	6.93340	6.91863	6.91886	18011	8899500000	62
2016.12.14	6.92374	6.93128	6.89399	6.92497	20410	10093750000	62
2016.12.15	6.93454	6.94202	6.91889	6.93156	24733	12291500000	62
2016.12.16	6.93548	6.96889	6.93219	6.96094	20802	10328500000	62
2016.12.19	6.95884	6.95992	6.92402	6.93027	17750	8800000000	62
2016.12.20	6.93925	6.95371	6.93720	6.93720	18512	9195250000	62
2016.12.21	6.94336	6.94749	6.92104	6.92877	17760	8768000000	62
2016.12.22	6.93850	6.94908	6.93359	6.94739	19965	9861500000	62
2016.12.23	6.94844	6.95815	6.94311	6.95014	14721	7195750000	62
2016.12.26	6.95054	6.95163	6.94707	6.94758	2034	593000000	85
2016.12.27	6.95370	6.96290	6.95182	6.95608	11167	5177500000	62
2016.12.28	6.95652	6.97913	6.94889	6.96869	17320	8515500000	62
2016.12.29	6.97642	6.98686	6.95965	6.95965	19400	9443000000	62
2016.12.30	6.96078	6.98513	6.95960	6.97055	19761	9712000000	62
2017.01.02	6.96375	6.98380	6.96055	6.96981	3840	1695000000	65
2017.01.03	6.98601	6.98635	6.95625	6.95787	24238	11992000000	62
2017.01.04	6.96484	6.96627	6.86330	6.86454	32873	16399500000	62
2017.01.05	6.87197	6.89691	6.78096	6.78660	48431	24118500000	62
2017.01.06	6.80019	6.86194	6.80006	6.84895	46495	23105000000	62
2017.01.09	6.87276	6.88937	6.86248	6.87776	31746	15686500000	62
2017.01.10	6.89083	6.91237	6.87021	6.90798	36371	18119500000	62
2017.01.11	6.90676	6.91734	6.87469	6.88588	38648	19267500000	62
2017.01.12	6.88757	6.89783	6.83607	6.85722	35896	17793500000	62
2017.01.13	6.87199	6.87483	6.82743	6.83620	29381	14480250000	62
2017.01.16	6.85641	6.86473	6.84823	6.85724	19576	9474500000	62
2017.01.17	6.86454	6.87049	6.79029	6.80057	38315	18912250000	62
2017.01.18	6.80027	6.84169	6.80000	6.83744	30011	14880500000	62
2017.01.19	6.83889	6.85434	6.82776	6.84204	29900	14825500000	62
2017.01.20	6.84677	6.85777	6.82987	6.83169	27616	13640500000	62
2017.01.23	6.82584	6.83902	6.80652	6.80769	30794	15136000000	62
2017.01.24	6.81436	6.82731	6.80479	6.80687	27187	13517000000	62
2017.01.25	6.82262	6.83937	6.81885	6.82244	26230	13009000000	62
2017.01.26	6.81633	6.85193	6.81463	6.84883	28007	13884500000	62
2017.01.27	6.84825	6.87792	6.84658	6.86669	23689	11616500000	62
2017.01.30	6.86068	6.87178	6.85029	6.85586	17663	8431750000	62
2017.01.31	6.86129	6.86967	6.82007	6.82594	27065	13248000000	62
2017.02.01	6.82903	6.83885	6.82483	6.82711	21997	10838500000	62
2017.02.02	6.82746	6.83304	6.79974	6.80853	30854	15301500000	62
2017.02.03	6.81238	6.82691	6.79179	6.79669	28146	13968750000	62
2017.02.06	6.79938	6.81327	6.79591	6.79849	27301	13454000000	62
2017.02.07	6.80477	6.83920	6.80407	6.83399	28283	13906500000	62
2017.02.08	6.83777	6.85671	6.83287	6.84019	30370	15143500000	62
2017.02.09	6.84497	6.86380	6.84272	6.86319	27593	13742500000	62
2017.02.10	6.86446	6.87172	6.85539	6.85539	24460	12148500000	62
2017.02.13	6.87187	6.88368	6.86904	6.86976	22054	10843500000	62
2017.02.14	6.87078	6.87159	6.84583	6.85620	31328	15573500000	62
2017.02.15	6.86404	6.86435	6.83957	6.84076	30182	15002000000	62
2017.02.16	6.84416	6.85482	6.84185	6.84740	27650	13729500000	62
2017.02.17	6.85023	6.85575	6.84424	6.84798	21376	10560750000	62
2017.02.20	6.84520	6.86236	6.84164	6.85609	12585	6016750000	62
2017.02.21	6.86263	6.86970	6.85810	6.85978	13394	6542000000	62
2017.02.22	6.86003	6.86858	6.85335	6.85605	21871	10797000000	62
2017.02.23	6.86071	6.86602	6.84312	6.84749	22611	11166500000	62
2017.02.24	6.85059	6.85812	6.84866	6.85260	21851	10830250000	62
2017.02.27	6.85869	6.86481	6.85282	6.86043	12978	6242500000	62
2017.02.28	6.86263	6.86271	6.84532	6.85127	17894	8768000000	62
2017.03.01	6.86144	6.87693	6.85563	6.86588	27504	13658500000	62
2017.03.02	6.87270	6.88838	6.87026	6.88319	19010	9402000000	62
2017.03.03	6.88576	6.90720	6.88447	6.89253	28089	13983250000	62
2017.03.06	6.89054	6.90196	6.88696	6.89999	18727	9033000000	0
2017.03.07	6.90222	6.90378	6.88887	6.89109	22199	10856000000	62
2017.03.08	6.89539	6.92140	6.89317	6.91303	25623	12589500000	62
2017.03.09	6.92239	6.93142	6.89329	6.90144	33984	16856000000	62
2017.03.10	6.91089	6.91373	6.87912	6.88051	29844	14861000000	62
2017.03.20	6.88688	6.89797	6.88388	6.88552	19347	9342500000	62
2017.03.21	6.88752	6.89564	6.86796	6.87248	27754	13608500000	62
2017.03.22	6.87921	6.88059	6.86080	6.86324	25710	12572500000	62
2017.03.23	6.86908	6.87554	6.86541	6.87001	22841	10974500000	62
2017.03.24	6.87413	6.88457	6.86685	6.87214	19655	9715500000	62
2017.03.27	6.86536	6.86599	6.84528	6.85449	24165	11811000000	62
2017.03.28	6.85616	6.87595	6.85485	6.87169	20608	9938500000	62
2017.03.29	6.87664	6.87749	6.86531	6.86581	21792	10756500000	62
2017.03.30	6.87402	6.88409	6.86756	6.88269	22924	11386000000	62
2017.03.31	6.88331	6.88951	6.86626	6.86822	19557	9655700000	62
2017.04.03	6.87218	6.87696	6.86761	6.87062	13528	6511500000	62
2017.04.04	6.87187	6.88237	6.87009	6.87490	12687	5789000000	62
2017.04.05	6.87618	6.88731	6.87411	6.88069	15102	7026500000	62
2017.04.06	6.88381	6.89287	6.88103	6.88849	17925	8615500000	62
2017.04.07	6.89239	6.90022	6.87445	6.89375	18267	9024500000	62
2017.04.10	6.89992	6.91447	6.89935	6.90229	16154	7380000000	62
2017.04.11	6.90460	6.90932	6.89876	6.90019	12843	6155000000	62
2017.04.12	6.90115	6.90485	6.88172	6.88309	16117	7753500000	62
2017.04.13	6.88346	6.88759	6.86789	6.88369	19248	9394500000	62
2017.04.14	6.88395	6.88791	6.87497	6.88031	28863	3460750000	64
2017.04.17	6.87816	6.88284	6.87345	6.87654	8777	4299500000	0
2017.04.18	6.88141	6.88744	6.87189	6.87189	15338	7309000000	62
2017.04.19	6.87581	6.88561	6.87426	6.88499	14399	6856000000	62
2017.04.20	6.88512	6.88686	6.87747	6.88283	16019	7207500000	62
2017.04.21	6.88102	6.89185	6.87781	6.88671	13085	6291000000	62
2017.04.24	6.88065	6.88886	6.87952	6.88249	13382	6381000000	62
2017.04.25	6.88548	6.89010	6.88213	6.88589	14221	6873500000	62
2017.04.26	6.88871	6.90251	6.88651	6.89599	17598	8456000000	62
2017.04.27	6.89669	6.90429	6.89443	6.89989	18372	8335000000	62
2017.04.28	6.90104	6.90437	6.89151	6.89707	17271	8325000000	62
2017.05.01	6.89756	6.90260	6.89471	6.89569	14270	5656000000	62
2017.05.02	6.89572	6.89899	6.88651	6.88769	16271	7882750000	62
2017.05.03	6.88807	6.89459	6.88524	6.89429	16341	6454500000	62
2017.05.04	6.89479	6.89734	6.89069	6.89179	18135	8628000000	62
2017.05.05	6.89233	6.90659	6.89101	6.89603	18071	8905750000	62
2017.05.08	6.90233	6.90982	6.90117	6.90769	16992	8395500000	0
2017.05.09	6.90838	6.91737	6.90761	6.91269	18219	9009000000	62
2017.05.10	6.91294	6.91525	6.90752	6.91169	16051	7972000000	62
2017.05.11	6.91329	6.91383	6.90091	6.90269	17229	8198500000	62
2017.05.12	6.90564	6.90597	6.89390	6.89700	16292	8024000000	62
2017.05.15	6.89906	6.90157	6.88570	6.89019	16356	7962000000	62
2017.05.16	6.88983	6.89104	6.87231	6.87459	19775	9668000000	62
2017.05.17	6.87607	6.88332	6.86931	6.87069	22591	11129500000	62
2017.05.18	6.87550	6.88825	6.87191	6.88219	27839	13842000000	62
2017.05.19	6.88690	6.88961	6.86886	6.86886	20099	8535500000	62
2017.05.22	6.87578	6.88341	6.87313	6.87647	17613	8618000000	62
2017.05.23	6.87595	6.88187	6.87514	6.87849	19210	9141500000	62
2017.05.24	6.88248	6.88961	6.87201	6.87369	17993	8803500000	62
2017.05.25	6.87604	6.87936	6.84332	6.84749	25926	11515000000	0
2017.05.26	6.85333	6.85382	6.81458	6.81730	28828	14260500000	62
2017.05.29	6.82109	6.82766	6.80289	6.81740	37656	8944500000	62
2017.05.30	6.82737	6.83334	6.82065	6.82289	14029	6679000000	62
2017.05.31	6.82613	6.83699	6.74142	6.74489	37001	18132500000	62
2017.06.01	6.76792	6.77351	6.72272	6.74849	37703	18509000000	62
2017.06.02	6.75888	6.79379	6.75631	6.77362	29408	14353000000	60
2017.06.05	6.77726	6.78695	6.77374	6.78030	9866	0	60
2017.06.06	6.78030	6.78376	6.75440	6.75440	14452	0	60
2017.06.07	6.75440	6.78105	6.75440	6.76270	10317	0	60
2017.06.08	6.77298	6.78522	6.76614	6.77776	11248	0	60
2017.06.09	6.77776	6.79405	6.77776	6.78570	9173	0	60
2017.06.12	6.78608	6.79707	6.78389	6.79433	7233	0	60
2017.06.13	6.79433	6.79638	6.78350	6.78530	7884	0	60
2017.06.14	6.78530	6.79251	6.77632	6.78570	12437	0	60
2017.06.15	6.78538	6.81214	6.77980	6.80570	13788	0	60
2017.06.16	6.80596	6.83302	6.80021	6.80970	15755	0	60
2017.06.19	6.81151	6.82988	6.80647	6.82666	11609	0	60
2017.06.20	6.82943	6.83686	6.82055	6.82210	15426	0	60
2017.06.21	6.81903	6.83336	6.81862	6.83070	11775	0	60
2017.06.22	6.83060	6.83668	6.82607	6.83668	8750	0	60
2017.06.23	6.83668	6.84455	6.83220	6.83220	10325	0	60
2017.06.26	6.83654	6.85933	6.83523	6.84770	10172	0	60
2017.06.27	6.85784	6.85824	6.80800	6.81320	19411	0	60
2017.06.28	6.81057	6.81140	6.79601	6.80270	25666	0	60
2017.06.29	6.80270	6.80445	6.77955	6.79270	17024	0	60
2017.06.30	6.79105	6.79537	6.75880	6.77590	20252	0	60
2017.07.03	6.77664	6.79863	6.77354	6.79533	11445	0	60
2017.07.04	6.79533	6.80817	6.79495	6.80529	9871	0	60
2017.07.05	6.80529	6.80723	6.78989	6.79500	10752	0	60
2017.07.06	6.79649	6.80565	6.79367	6.79968	10861	0	60
2017.07.07	6.79968	6.80463	6.79522	6.80220	8917	0	60
2017.07.10	6.80080	6.80911	6.79682	6.80435	7043	0	60
2017.07.11	6.80487	6.81159	6.79710	6.79770	7367	0	60
2017.07.12	6.79602	6.79632	6.78359	6.78359	12832	0	60
2017.07.13	6.78507	6.78691	6.77330	6.78115	10430	0	61
2017.07.14	6.78115	6.78562	6.76320	6.76349	11915	0	60
2017.07.17	6.76300	6.77194	6.75928	6.76351	15852	0	60
2017.07.18	6.76631	6.76798	6.74290	6.74787	17109	0	60
2017.07.19	6.74787	6.75850	6.74450	6.75850	10936	0	60
2017.07.20	6.75850	6.77111	6.75323	6.75573	16894	0	60
2017.07.21	6.75573	6.76432	6.75320	6.75629	11101	0	60
2017.07.24	6.75617	6.76085	6.74278	6.74653	10081	0	60
2017.07.25	6.75010	6.75806	6.74335	6.75770	10950	0	60
2017.07.26	6.75770	6.75886	6.74058	6.74310	10978	0	60
2017.07.27	6.74310	6.74592	6.72524	6.74356	13406	0	60
2017.07.28	6.74356	6.74766	6.73120	6.73135	15093	0	60
2017.07.31	6.73568	6.73727	6.72477	6.72630	12280	0	60
2017.08.01	6.72772	6.73124	6.71586	6.72952	13763	0	60
2017.08.02	6.72952	6.73396	6.72234	6.72531	12904	0	60
2017.08.03	6.72792	6.73668	6.72582	6.72909	11358	0	60
2017.08.04	6.72909	6.73642	6.71964	6.73370	12996	0	60
2017.08.07	6.73641	6.73699	6.72582	6.73060	6906	0	60
2017.08.08	6.72888	6.72905	6.70214	6.71096	13425	0	60
2017.08.09	6.71096	6.71752	6.69036	6.69080	18001	0	60
2017.08.10	6.69080	6.69080	6.66607	6.66630	15387	0	60
2017.08.11	6.66630	6.69440	6.65760	6.67140	16302	0	60
2017.08.14	6.67348	6.69000	6.66950	6.68937	9220	0	60
2017.08.15	6.68937	6.70242	6.68379	6.69540	10951	0	60
2017.08.16	6.69540	6.70653	6.68775	6.68775	10987	0	60
2017.08.17	6.68775	6.68840	6.67557	6.68620	13451	0	60
2017.08.18	6.68590	6.68793	6.67709	6.68039	9932	0	60
2017.08.21	6.68079	6.68305	6.66775	6.67045	5077	0	60
2017.08.22	6.67099	6.67170	6.65812	6.66890	6787	0	60
2017.08.23	6.66890	6.67092	6.66049	6.66330	5233	0	60
2017.08.24	6.66330	6.66330	6.65450	6.66055	9058	0	60
2017.08.25	6.66055	6.66416	6.64131	6.64146	7855	0	60
2017.08.28	6.64012	6.64271	6.61683	6.61745	7674	0	60
2017.08.29	6.61745	6.62580	6.59690	6.60701	16284	0	60
2017.08.30	6.60701	6.61275	6.58333	6.59834	17679	0	60
2017.08.31	6.59834	6.60839	6.59129	6.59129	16403	0	60
2017.09.01	6.59208	6.59311	6.54444	6.56177	14319	0	60
2017.09.04	6.55930	6.56591	6.52470	6.52749	19568	0	60
2017.09.05	6.52749	6.55936	6.52749	6.53876	14480	0	60
2017.09.06	6.53876	6.55043	6.53120	6.54261	20223	0	60
2017.09.07	6.54261	6.54261	6.48473	6.48587	26464	0	60
2017.09.08	6.48401	6.51882	6.44301	6.49729	47109	0	60
2017.09.11	6.50937	6.53939	6.50518	6.53837	28354	0	60
2017.09.12	6.53912	6.55152	6.53160	6.53727	15609	0	60
2017.09.13	6.53727	6.54834	6.52230	6.54717	30812	0	65
2017.09.14	6.54713	6.57000	6.54090	6.54105	28101	0	62
2017.09.15	6.54159	6.55170	6.54118	6.54510	25642	0	61
2017.09.18	6.54608	6.57775	6.54487	6.57203	21828	0	64
2017.09.19	6.57236	6.59526	6.56870	6.58360	31612	0	61
2017.09.20	6.58238	6.59454	6.56230	6.58468	25348	0	60
2017.09.21	6.58468	6.60351	6.55740	6.56612	34415	0	60
2017.09.22	6.56628	6.58565	6.56322	6.57600	32862	0	62
2017.09.25	6.57644	6.61790	6.57644	6.61043	28881	0	72
2017.09.26	6.61084	6.64441	6.60556	6.62612	28993	0	60
2017.09.27	6.62612	6.64927	6.62315	6.63925	31664	0	71
2017.09.28	6.63925	6.67820	6.63487	6.65302	39220	0	83
2017.09.29	6.65347	6.67512	6.63760	6.64554	34003	0	78
2017.10.02	6.64374	6.67894	6.64350	6.67260	21785	0	60
2017.10.03	6.67260	6.68952	6.65810	6.65836	23989	0	65
2017.10.04	6.66097	6.66742	6.63770	6.64562	22740	0	78
2017.10.05	6.63476	6.65805	6.63476	6.65372	17866	0	76
2017.10.06	6.65464	6.66358	6.64460	6.64621	21890	0	60
2017.10.09	6.64554	6.65520	6.60860	6.61440	22236	0	67
2017.10.10	6.61440	6.61468	6.56400	6.56574	27824	0	68
2017.10.11	6.56620	6.59180	6.55700	6.57290	29538	0	65
2017.10.12	6.57290	6.58820	6.56710	6.57760	25398	0	62
2017.10.13	6.57713	6.58750	6.56039	6.56662	26933	0	65
2017.10.16	6.56754	6.58562	6.56445	6.58287	24316	0	66
2017.10.17	6.58308	6.61853	6.58130	6.60372	31759	0	75
2017.10.18	6.60411	6.63150	6.59662	6.61792	27692	0	60
2017.10.19	6.61749	6.63955	6.60355	6.60468	34331	0	68
2017.10.20	6.60441	6.62691	6.60343	6.62077	35757	0	70
2017.10.23	6.62237	6.64340	6.61720	6.63806	27889	0	71
2017.10.24	6.62970	6.64215	6.62562	6.64066	27688	0	69
2017.10.25	6.64164	6.65155	6.63560	6.63585	30331	0	67
2017.10.26	6.63704	6.65662	6.62700	6.65184	35424	0	72
2017.10.27	6.65219	6.66478	6.63751	6.64469	38390	0	67
2017.10.30	6.64323	6.65070	6.63487	6.63513	26077	0	71
2017.10.31	6.63457	6.64020	6.62203	6.63212	26716	0	70
2017.11.01	6.63088	6.64007	6.60414	6.60835	35426	0	76
2017.11.02	6.60687	6.61592	6.58535	6.60561	34502	0	74
2017.11.03	6.60642	6.63855	6.60533	6.63518	30038	0	71
2017.11.06	6.63211	6.64418	6.62114	6.62318	29425	0	77
2017.11.07	6.62520	6.64293	6.61700	6.63807	26517	0	74
2017.11.08	6.63960	6.64648	6.62667	6.62868	29561	0	71
2017.11.09	6.63054	6.65477	6.62591	6.64789	32851	0	69
2017.11.10	6.64676	6.66233	6.63870	6.66009	29912	0	74
2017.11.13	6.65610	6.66193	6.64764	6.65519	24606	0	71
2017.11.14	6.65590	6.65627	6.63438	6.63459	29400	0	70
2017.11.15	6.63343	6.63991	6.61920	6.63055	38467	0	72
2017.11.16	6.63041	6.64023	6.62884	6.63106	29014	0	73
2017.11.17	6.63193	6.64720	6.62290	6.63526	30623	0	74
2017.11.20	6.63331	6.65219	6.63331	6.64627	28151	0	72
2017.11.21	6.64132	6.65050	6.62403	6.62449	25998	0	73
2017.11.22	6.62566	6.63421	6.59358	6.59466	34463	0	72
2017.11.23	6.59684	6.59950	6.57595	6.57759	25167	0	77
2017.11.24	6.57792	6.60430	6.56750	6.58529	26974	0	70
2017.11.27	6.58730	6.60209	6.58730	6.59406	33886	0	69
2017.11.28	6.59772	6.60955	6.59360	6.60745	27575	0	68
2017.11.29	6.60732	6.62145	6.59650	6.60963	29128	0	72
2017.11.30	6.61032	6.62741	6.60915	6.60941	33513	0	74
2017.12.01	6.61040	6.61690	6.59256	6.59350	41303	0	75
2017.12.04	6.60290	6.62344	6.60290	6.61368	27950	0	67
2017.12.05	6.61758	6.62589	6.60966	6.61486	29506	0	78
2017.12.06	6.61696	6.62345	6.61249	6.61710	24189	0	71
2017.12.07	6.61732	6.62430	6.61587	6.62298	27099	0	61
2017.12.08	6.62392	6.62876	6.61609	6.61854	28259	0	76
2017.12.11	6.61694	6.62566	6.61608	6.61971	18209	0	120
2017.12.12	6.62170	6.63187	6.61830	6.62427	20821	0	120
2017.12.13	6.62427	6.63082	6.60987	6.60987	26773	0	120
2017.12.14	6.60987	6.61483	6.60310	6.60345	33561	0	120
2017.12.15	6.60345	6.61480	6.59928	6.60147	28708	0	120
2017.12.18	6.60434	6.61750	6.60390	6.60660	23998	0	120
2017.12.19	6.60660	6.61500	6.59991	6.60297	26508	0	120
2017.12.20	6.60620	6.60696	6.56149	6.56310	28870	0	120
2017.12.21	6.56390	6.58170	6.54620	6.56320	33786	0	120
2017.12.22	6.56443	6.57528	6.55989	6.56209	25162	0	0
2017.12.26	6.55157	6.55160	6.53838	6.53898	8283	0	120
2017.12.27	6.54086	6.56245	6.54072	6.55127	26434	0	120
2017.12.28	6.55436	6.55613	6.52416	6.52891	25064	0	120
2017.12.29	6.53000	6.53340	6.50847	6.51020	24694	0	120
2018.01.02	6.51111	6.51139	6.48660	6.49949	42260	0	120
2018.01.03	6.50053	6.50800	6.48871	6.49388	30616	0	120
2018.01.04	6.49560	6.50960	6.48143	6.48819	28008	0	120
2018.01.05	6.48819	6.49169	6.47010	6.47010	29516	0	120
2018.01.08	6.47616	6.50130	6.46600	6.49409	30138	0	120
2018.01.09	6.49409	6.53802	6.49409	6.53126	37490	0	120
2018.01.10	6.53284	6.54470	6.50838	6.52057	43019	0	120
2018.01.11	6.52188	6.52609	6.48712	6.48847	39819	0	120
2018.01.12	6.49000	6.49571	6.45142	6.45248	48009	0	120
2018.01.15	6.45485	6.45924	6.41440	6.42768	49219	0	120
2018.01.16	6.42768	6.44702	6.42361	6.43423	50031	0	120
2018.01.17	6.43630	6.44270	6.41385	6.43045	49382	0	120
2018.01.18	6.43340	6.44249	6.41590	6.41869	41293	0	120
2018.01.19	6.42046	6.42047	6.38750	6.39438	48640	0	120
2018.01.22	6.39430	6.41320	6.39263	6.40073	38594	0	120
2018.01.23	6.40187	6.41310	6.39000	6.39628	40658	0	120
2018.01.24	6.39628	6.39925	6.34534	6.34534	44000	0	120
2018.01.25	6.34735	6.35864	6.29570	6.32627	64739	0	120
2018.01.26	6.32627	6.34138	6.31044	6.32208	48941	0	120
2018.01.29	6.31149	6.34760	6.31089	6.33597	44186	0	120
2018.01.30	6.33774	6.35066	6.31940	6.32636	45905	0	120
2018.01.31	6.32942	6.33530	6.28325	6.29647	63804	0	120
2018.02.01	6.29844	6.31166	6.28611	6.28797	54422	0	113
2018.02.02	6.28797	6.31432	6.27630	6.30843	56252	0	120
2018.02.05	6.30909	6.31730	6.28234	6.30968	50799	0	120
2018.02.06	6.31066	6.31843	6.27510	6.27914	63655	0	120
2018.02.07	6.27914	6.32420	6.25492	6.31789	48247	0	120
2018.02.08	6.31789	6.37685	6.29510	6.36024	66804	0	120
2018.02.09	6.36178	6.37187	6.25878	6.30745	56746	0	120
2018.02.12	6.30970	6.34330	6.29580	6.32090	38573	0	120
2018.02.13	6.32090	6.34790	6.31823	6.33092	46941	0	120
2018.02.14	6.33039	6.35007	6.30518	6.30927	48901	0	120
2018.02.15	6.30912	6.31172	6.27858	6.27944	43231	0	120
2018.02.16	6.27944	6.30019	6.26813	6.29164	43241	0	120
2018.02.19	6.28884	6.30955	6.28807	6.30350	42279	0	120
2018.02.20	6.30448	6.34129	6.30288	6.33850	39583	0	120
2018.02.21	6.33850	6.34490	6.31151	6.33468	43030	0	86
2018.02.22	6.33610	6.35411	6.32730	6.33235	43060	0	120
2018.02.23	6.33235	6.34211	6.32114	6.32114	40868	0	120
2018.02.26	6.32863	6.33038	6.29263	6.29277	43244	0	120
2018.02.27	6.29445	6.32691	6.28702	6.32454	45567	0	120
2018.02.28	6.32454	6.33260	6.31867	6.32930	45508	0	120
2018.03.01	6.33082	6.36752	6.33049	6.34520	50843	0	120
2018.03.02	6.34633	6.36483	6.31885	6.31885	52586	0	120
2018.03.05	6.32504	6.34249	6.32160	6.33202	44157	0	120
2018.03.06	6.33202	6.34427	6.30510	6.30671	45472	0	120
2018.03.07	6.30870	6.32845	6.30690	6.31797	56852	0	120
2018.03.08	6.31992	6.34460	6.31696	6.34021	47263	0	120
2018.03.09	6.34021	6.35202	6.31916	6.32263	43091	0	120
2018.03.12	6.31345	6.33024	6.31345	6.32087	36919	0	120
2018.03.13	6.32080	6.33218	6.31218	6.32328	43046	0	120
2018.03.14	6.32302	6.32795	6.29970	6.30544	44102	0	120
2018.03.15	6.30619	6.32884	6.29881	6.32736	47309	0	120
2018.03.16	6.32736	6.33360	6.31760	6.31990	40242	0	120
2018.03.19	6.32370	6.33770	6.31640	6.31883	36005	0	120
2018.03.20	6.31883	6.33419	6.31698	6.33185	37340	0	120
2018.03.21	6.33310	6.33381	6.30147	6.30452	36092	0	120
2018.03.22	6.30233	6.33976	6.30233	6.33731	39347	0	120
2018.03.23	6.33695	6.33917	6.30603	6.30693	39101	0	120
2018.03.26	6.30852	6.31439	6.25192	6.25192	38885	0	120
2018.03.27	6.25192	6.27653	6.23520	6.26452	46816	0	120
2018.03.28	6.26452	6.28759	6.25510	6.28157	39693	0	120
2018.03.29	6.28157	6.29589	6.26690	6.26853	35026	0	120
2018.03.30	6.27069	6.27983	6.25864	6.25962	10930	0	120
2018.04.02	6.26044	6.27740	6.25410	6.26609	24508	0	120
2018.04.03	6.27086	6.28178	6.26853	6.27015	41544	0	120
2018.04.04	6.27169	6.31144	6.27169	6.28215	29052	0	120
2018.04.05	6.28623	6.30331	6.27490	6.28045	28154	0	120
2018.04.06	6.28529	6.32122	6.28518	6.31169	28982	0	120
2018.04.09	6.30450	6.32472	6.29131	6.30198	34717	0	120
2018.04.10	6.30319	6.30702	6.27395	6.27498	34944	0	120
2018.04.11	6.27594	6.28819	6.26082	6.27170	40630	0	120
2018.04.12	6.27329	6.28777	6.26439	6.27581	36596	0	120
2018.04.13	6.27531	6.29066	6.26552	6.27087	32337	0	120
2018.04.16	6.27229	6.28396	6.26321	6.26456	26118	0	120
2018.04.17	6.26621	6.28209	6.26422	6.27998	27594	0	120
2018.04.18	6.28141	6.28664	6.26556	6.26894	33498	0	120
2018.04.19	6.27248	6.28040	6.25544	6.27542	35423	0	120
2018.04.20	6.27499	6.29263	6.27367	6.27790	30924	0	120
2018.04.23	6.27806	6.30940	6.27806	6.30342	28365	0	120
2018.04.24	6.30743	6.32034	6.29160	6.29202	37008	0	120
2018.04.25	6.29763	6.32855	6.29315	6.32017	35053	0	120
2018.04.26	6.32202	6.33087	6.30759	6.32366	43130	0	120
2018.04.27	6.32620	6.34018	6.31601	6.31780	31031	0	120
2018.04.30	6.31746	6.32606	6.30555	6.31379	32434	0	120
2018.05.01	6.31595	6.33940	6.30839	6.33387	26142	0	120
2018.05.02	6.33623	6.37568	6.33619	6.37107	49730	0	120
2018.05.03	6.37107	6.37819	6.34047	6.34217	51214	0	120
2018.05.04	6.34339	6.36908	6.34111	6.35266	35758	0	120
2018.05.07	6.35231	6.37029	6.34400	6.35640	30380	0	110
2018.05.08	6.35722	6.37044	6.35404	6.36140	36535	0	120
2018.05.09	6.36578	6.38300	6.35713	6.36235	37871	0	120
2018.05.10	6.36469	6.37080	6.32400	6.32905	46577	0	120
2018.05.11	6.32840	6.34060	6.31917	6.33199	41001	0	120
2018.05.14	6.33180	6.33673	6.32312	6.33436	31913	0	120
2018.05.15	6.33629	6.36986	6.33528	6.36247	36096	0	120
2018.05.16	6.36341	6.37462	6.34496	6.34739	40523	0	120
2018.05.17	6.34941	6.35872	6.34250	6.35520	36706	0	120
2018.05.18	6.35677	6.37120	6.35415	6.35944	35938	0	120
2018.05.21	6.36093	6.38715	6.35417	6.35417	37605	0	120
2018.05.22	6.35645	6.36394	6.34644	6.34662	35049	0	120
2018.05.23	6.35091	6.38520	6.34678	6.37263	43769	0	120
2018.05.24	6.37320	6.38911	6.37111	6.37122	42755	0	120
2018.05.25	6.37531	6.38938	6.37243	6.38630	32230	0	120
2018.05.28	6.38438	6.39753	6.37953	6.39388	25439	0	77
2018.05.29	6.39532	6.42890	6.39393	6.42074	39525	0	120
2018.05.30	6.42307	6.43160	6.39747	6.39747	39803	0	108
2018.05.31	6.39937	6.41524	6.39324	6.40639	43515	0	120
2018.06.01	6.40807	6.41656	6.40226	6.41110	33871	0	120
2018.06.04	6.41124	6.41757	6.39399	6.40237	35130	0	120
2018.06.05	6.40264	6.40920	6.38980	6.39194	37783	0	120
2018.06.06	6.39214	6.39412	6.37398	6.37398	37627	0	120
2018.06.07	6.37766	6.39143	6.37720	6.38634	36105	0	120
2018.06.08	6.38884	6.40805	6.38664	6.39678	39112	0	120
2018.06.11	6.40012	6.40320	6.39300	6.39515	27980	0	120
2018.06.12	6.39664	6.40770	6.39360	6.40482	28848	0	120
2018.06.13	6.40234	6.40800	6.38534	6.38689	29724	0	120
2018.06.14	6.38819	6.41781	6.38180	6.41436	35902	0	120
2018.06.15	6.41786	6.43899	6.41200	6.43437	47446	0	120
2018.06.18	6.43394	6.45951	6.43392	6.45151	32411	0	120
2018.06.19	6.45366	6.49425	6.44614	6.47427	54399	0	120
2018.06.20	6.47572	6.48614	6.46548	6.47843	41791	0	120
2018.06.21	6.47690	6.51610	6.47394	6.49687	56955	0	120
2018.06.22	6.49837	6.51660	6.49223	6.50637	46952	0	120
2018.06.25	6.51242	6.55620	6.51240	6.53901	47930	0	120
2018.06.26	6.54076	6.59448	6.53665	6.58007	57279	0	120
2018.06.27	6.57827	6.62257	6.57583	6.61573	58181	0	120
2018.06.28	6.61732	6.63980	6.60954	6.63234	58357	0	120
2018.06.29	6.63480	6.65161	6.61589	6.63254	59672	0	120
2018.07.02	6.63086	6.69490	6.62588	6.68190	34679	0	120
2018.07.03	6.68265	6.73262	6.64422	6.66300	67459	0	120
2018.07.04	6.66222	6.67172	6.61280	6.63932	46696	0	120
2018.07.05	6.64242	6.66086	6.63293	6.65573	52360	0	120
2018.07.06	6.65665	6.68595	6.64820	6.66014	53251	0	120
2018.07.09	6.65934	6.66570	6.61415	6.62032	38646	0	102
2018.07.10	6.62168	6.64761	6.59947	6.64577	44332	0	120
2018.07.11	6.64960	6.72410	6.64724	6.72138	56081	0	120
2018.07.12	6.72164	6.72880	6.67160	6.69093	49500	0	120
2018.07.13	6.69181	6.72440	6.66769	6.70948	43871	0	120
2018.07.16	6.70510	6.72399	6.68272	6.70111	38130	0	120
2018.07.17	6.70259	6.72614	6.68549	6.71898	40334	0	120
2018.07.18	6.71804	6.75720	6.71160	6.74240	60015	0	120
2018.07.19	6.74240	6.80744	6.73704	6.78477	73372	0	120
2018.07.20	6.78869	6.83602	6.77535	6.77570	78680	0	120
2018.07.23	6.77825	6.82203	6.75511	6.80255	63983	0	118
2018.07.24	6.80560	6.84386	6.79030	6.80712	86590	0	120
2018.07.25	6.80877	6.81981	6.75187	6.75187	76208	0	120
2018.07.26	6.75537	6.82575	6.73754	6.82270	56508	0	120
2018.07.27	6.82050	6.85603	6.80222	6.82146	61242	0	120
2018.07.30	6.81710	6.84916	6.81344	6.82359	55340	0	120
2018.07.31	6.82481	6.84830	6.77360	6.80140	77968	0	120
2018.08.01	6.80462	6.84550	6.80016	6.82172	83338	0	120
2018.08.02	6.82274	6.88170	6.81520	6.87792	89869	0	120
2018.08.03	6.88050	6.91200	6.82554	6.84709	90546	0	120
2018.08.06	6.84028	6.87516	6.82338	6.86332	82365	0	120
2018.08.07	6.86586	6.87548	6.81627	6.81824	93601	0	120
2018.08.08	6.81852	6.84706	6.80530	6.82155	78858	0	120
2018.08.09	6.82695	6.84600	6.81292	6.84402	103213	0	120
2018.08.10	6.84466	6.87327	6.82560	6.86670	101011	0	120
2018.08.13	6.86862	6.90936	6.86648	6.89322	85493	0	120
2018.08.14	6.89360	6.90642	6.88032	6.89458	75102	0	120
2018.08.15	6.89447	6.95800	6.89303	6.94495	110127	0	120
2018.08.16	6.94237	6.94845	6.85322	6.85704	102093	0	120
2018.08.17	6.86201	6.88243	6.82640	6.83220	124576	0	120
2018.08.20	6.83725	6.86220	6.83090	6.83304	91788	0	120
2018.08.21	6.83247	6.85405	6.82018	6.82633	74925	0	120
2018.08.22	6.82811	6.84846	6.82478	6.84503	55655	0	120
2018.08.23	6.84424	6.89305	6.84340	6.89176	63253	0	120
2018.08.24	6.89101	6.89499	6.79824	6.80351	76363	0	120
2018.08.27	6.79990	6.81538	6.78080	6.79175	75282	0	106
2018.08.28	6.79275	6.81383	6.78446	6.79759	58366	0	120
2018.08.29	6.79923	6.83552	6.79111	6.81805	62324	0	120
2018.08.30	6.81694	6.87561	6.81471	6.86619	55279	0	120
2018.08.31	6.86243	6.87139	6.82670	6.84309	78289	0	120
2018.09.03	6.84434	6.85809	6.82788	6.83396	37024	0	120
2018.09.04	6.83374	6.86243	6.82130	6.84885	47663	0	120
2018.09.05	6.84894	6.86500	6.84132	6.84136	58332	0	120
2018.09.06	6.84121	6.85865	6.83038	6.84373	76103	0	120
2018.09.07	6.84406	6.87438	6.82460	6.86992	68173	0	120
2018.09.10	6.86204	6.87600	6.85900	6.86990	43792	0	120
2018.09.11	6.86565	6.88695	6.86281	6.87436	50939	0	120
2018.09.12	6.87437	6.88855	6.82628	6.83340	59997	0	120
2018.09.13	6.82814	6.85214	6.82216	6.84514	64323	0	120
2018.09.14	6.84459	6.88164	6.84046	6.88069	64896	0	120
2018.09.17	6.87800	6.88044	6.85472	6.86649	39766	0	120
2018.09.18	6.86987	6.89238	6.85760	6.85978	68398	0	120
2018.09.19	6.85969	6.86930	6.84211	6.85156	75414	0	120
2018.09.20	6.85504	6.86183	6.83085	6.83466	72727	0	120
2018.09.21	6.83461	6.85144	6.82403	6.84713	67303	0	120
2018.09.24	6.85458	6.87350	6.84843	6.86813	65730	0	120
2018.09.25	6.86692	6.87222	6.85673	6.86800	63911	0	120
2018.09.26	6.86795	6.88678	6.86384	6.87396	73186	0	120
2018.09.27	6.87531	6.88723	6.86342	6.88692	77315	0	120
2018.09.28	6.88522	6.88808	6.86718	6.87773	65456	0	120
2018.10.01	6.87197	6.88933	6.87197	6.88492	50461	0	120
2018.10.02	6.88667	6.90411	6.87838	6.88288	74235	0	120
2018.10.03	6.88226	6.89825	6.87875	6.88684	60546	0	120
2018.10.04	6.89004	6.91677	6.88961	6.89237	82549	0	120
2018.10.05	6.89369	6.90984	6.89015	6.89249	78938	0	120
2018.10.08	6.90745	6.93705	6.89544	6.91647	98620	0	120
2018.10.09	6.91925	6.93473	6.90829	6.91369	96113	0	120
2018.10.10	6.91595	6.93490	6.90996	6.92216	82531	0	120
2018.10.11	6.92373	6.94248	6.86665	6.87641	99710	0	120
2018.10.12	6.87638	6.92538	6.86874	6.90843	77919	0	120
2018.10.15	6.92013	6.93012	6.91125	6.91954	61221	0	120
2018.10.16	6.92030	6.92485	6.90464	6.91165	52894	0	120
2018.10.17	6.91029	6.93101	6.90607	6.92894	59667	0	120
2018.10.18	6.92299	6.95182	6.92299	6.93744	65425	0	120
2018.10.19	6.94010	6.94670	6.92417	6.93312	69400	0	120
2018.10.22	6.93413	6.95099	6.92920	6.93688	50842	0	120
2018.10.23	6.93853	6.94899	6.93725	6.93758	58350	0	120
2018.10.24	6.93762	6.95414	6.93758	6.94308	66795	0	120
2018.10.25	6.94500	6.96619	6.94483	6.95504	60898	0	120
2018.10.26	6.95411	6.97640	6.94920	6.95141	84578	0	120
2018.10.29	6.95234	6.97483	6.94950	6.96776	69508	0	120
2018.10.30	6.96750	6.97668	6.96317	6.96953	64055	0	120
2018.10.31	6.96950	6.97912	6.96860	6.97357	63703	0	120
2018.11.01	6.97385	6.97981	6.91001	6.91604	79556	0	120
2018.11.02	6.91611	6.92984	6.85183	6.89907	95284	0	120
2018.11.05	6.88475	6.92777	6.88449	6.90857	65133	0	112
2018.11.06	6.91025	6.92477	6.90846	6.92031	56997	0	120
2018.11.07	6.92038	6.93882	6.90823	6.91583	89355	0	120
2018.11.08	6.91957	6.94017	6.91892	6.93886	77787	0	120
2018.11.09	6.93726	6.95315	6.93567	6.94610	69637	0	120
2018.11.12	6.94740	6.96686	6.94191	6.96661	72342	0	120
2018.11.13	6.96202	6.96928	6.94301	6.94534	71212	0	120
2018.11.14	6.94517	6.95254	6.93773	6.94365	62568	0	120
2018.11.15	6.93940	6.94437	6.91454	6.92883	75406	0	120
2018.11.16	6.92531	6.94470	6.90986	6.91941	69955	0	120
2018.11.19	6.92140	6.93901	6.92022	6.93352	51246	0	120
2018.11.20	6.93283	6.94535	6.93110	6.94406	62935	0	120
2018.11.21	6.94377	6.94963	6.92078	6.92570	46223	0	120
2018.11.22	6.92292	6.93063	6.91862	6.92486	39272	0	120
2018.11.23	6.92595	6.94645	6.92295	6.94144	42394	0	120
2018.11.26	6.94244	6.95208	6.92990	6.94947	60374	0	120
2018.11.27	6.94958	6.95725	6.93212	6.95235	59791	0	120
2018.11.28	6.95023	6.95805	6.93211	6.93970	68112	0	120
2018.11.29	6.93576	6.94483	6.92989	6.93497	67511	0	120
2018.11.30	6.93455	6.95596	6.93269	6.94890	93324	0	120
2018.12.03	6.90331	6.92467	6.87234	6.87386	80405	0	120
2018.12.04	6.87342	6.88200	6.82524	6.84831	105504	0	120
2018.12.05	6.84773	6.87209	6.84488	6.85897	61822	0	120
2018.12.06	6.85764	6.90670	6.85764	6.88036	101771	0	120
2018.12.07	6.87644	6.89061	6.86541	6.88276	96321	0	120
2018.12.10	6.89491	6.91992	6.88859	6.91213	77181	0	120
2018.12.11	6.91230	6.92195	6.89240	6.90224	117170	0	120
2018.12.12	6.89942	6.90158	6.86668	6.87101	119374	0	120
2018.12.13	6.86770	6.88715	6.85600	6.87587	97028	0	120
2018.12.14	6.87856	6.91118	6.87689	6.89720	100560	0	120
2018.12.17	6.89187	6.90463	6.88760	6.89908	92068	0	120
2018.12.18	6.89597	6.89985	6.88652	6.88780	81881	0	120
2018.12.19	6.88790	6.90683	6.88464	6.90494	111421	0	120
2018.12.20	6.89876	6.91430	6.88195	6.89172	92924	0	120
2018.12.21	6.89157	6.92370	6.88608	6.92237	118642	0	120
2018.12.24	6.91880	6.92089	6.89750	6.90141	83061	0	120
2018.12.26	6.89136	6.89652	6.88351	6.89332	14699	0	120
2018.12.27	6.89254	6.90040	6.87195	6.87318	113516	0	120
2018.12.28	6.87309	6.88677	6.86204	6.87903	82129	0	120
2018.12.31	6.87784	6.88577	6.86547	6.86661	55702	0	120
2019.01.02	6.86200	6.88282	6.86081	6.87874	68241	0	120
2019.01.03	6.87580	6.89398	6.87506	6.88001	110718	0	120
2019.01.04	6.87832	6.88305	6.86320	6.86324	81109	0	120
2019.01.07	6.86390	6.86461	6.84414	6.84460	75480	0	120
2019.01.08	6.84480	6.86799	6.84230	6.85272	85457	0	120
2019.01.09	6.85245	6.85332	6.80657	6.81159	105463	0	120
2019.01.10	6.80640	6.82410	6.77965	6.79153	106909	0	120
2019.01.11	6.79140	6.79480	6.73688	6.75968	101010	0	120
2019.01.14	6.75922	6.77604	6.73875	6.76063	77270	0	120
2019.01.15	6.76144	6.78659	6.74320	6.77151	88626	0	120
2019.01.16	6.76871	6.78433	6.75783	6.75929	89753	0	120
2019.01.17	6.75963	6.79331	6.75275	6.77263	85062	0	120
2019.01.18	6.77204	6.80904	6.77142	6.80092	75193	0	118
2019.01.21	6.80060	6.80801	6.79101	6.79877	69618	0	120
2019.01.22	6.79940	6.81826	6.79806	6.81529	62788	0	120
2019.01.23	6.81188	6.81543	6.78500	6.79195	68383	0	120
2019.01.24	6.79145	6.80943	6.77964	6.79439	85305	0	120
2019.01.25	6.79414	6.79900	6.75180	6.75233	85563	0	120
2019.01.28	6.75230	6.76102	6.73475	6.75381	89629	0	94
2019.01.29	6.75443	6.76511	6.74610	6.74627	88409	0	120
2019.01.30	6.74651	6.74792	6.70100	6.71013	92174	0	120
2019.01.31	6.70650	6.72358	6.70170	6.70866	108724	0	120
2019.02.01	6.70620	6.75692	6.70440	6.75560	97870	0	120
2019.02.04	6.75249	6.78466	6.74984	6.77705	51427	0	120
2019.02.05	6.77737	6.78216	6.75190	6.76166	53953	0	120
2019.02.06	6.76144	6.77913	6.75570	6.77822	43112	0	120
2019.02.07	6.77590	6.78463	6.76902	6.78393	40650	0	120
2019.02.08	6.78387	6.79414	6.77440	6.78364	51568	0	120
2019.02.11	6.78340	6.80215	6.76440	6.80021	63127	0	120
2019.02.12	6.79432	6.80833	6.77240	6.77268	61792	0	120
2019.02.13	6.77248	6.78490	6.75823	6.78214	73561	0	120
2019.02.14	6.78171	6.78899	6.76220	6.77799	73063	0	120
2019.02.15	6.77554	6.79363	6.76860	6.76867	63031	0	120
2019.02.18	6.77035	6.77513	6.76010	6.77221	44471	0	120
2019.02.19	6.76990	6.78425	6.74163	6.74531	60058	0	120
2019.02.20	6.74456	6.74589	6.70706	6.71770	82976	0	120
2019.02.21	6.71750	6.72921	6.68705	6.72410	100382	0	120
2019.02.22	6.72139	6.73369	6.70027	6.70060	75748	0	120
2019.02.25	6.69535	6.69729	6.67310	6.68267	92948	0	120
2019.02.26	6.68069	6.70463	6.67705	6.68553	85869	0	120
2019.02.27	6.68456	6.69340	6.67547	6.68102	82758	0	120
2019.02.28	6.68092	6.70267	6.67451	6.70232	78249	0	120
2019.03.01	6.69104	6.71770	6.69092	6.71272	85342	0	120
2019.03.04	6.69768	6.71153	6.68599	6.70636	91943	0	120
2019.03.05	6.70597	6.71181	6.69873	6.70336	87787	0	120
2019.03.06	6.70192	6.72694	6.70176	6.71532	87787	0	120
2019.03.07	6.71532	6.73443	6.71080	6.73321	73022	0	120
2019.03.08	6.73318	6.73675	6.72483	6.72991	83896	0	120
2019.03.11	6.73052	6.73433	6.72758	6.73009	57261	0	120
2019.03.12	6.72991	6.73019	6.70510	6.70789	77911	0	120
2019.03.13	6.70772	6.72054	6.69960	6.70210	63151	0	120
2019.03.14	6.70197	6.73462	6.70156	6.72170	76604	0	120
2019.03.15	6.72171	6.73171	6.70980	6.71215	54856	0	120
2019.03.18	6.71204	6.72374	6.71153	6.72043	52058	0	120
2019.03.19	6.72043	6.72290	6.71135	6.71480	63441	0	120
2019.03.20	6.71506	6.72160	6.67690	6.68404	69824	0	120
2019.03.21	6.68401	6.71592	6.66959	6.70603	73914	0	120
2019.03.22	6.70601	6.72732	6.69995	6.72224	88412	0	120
2019.03.25	6.72094	6.73039	6.71161	6.71683	68189	0	119
2019.03.26	6.71686	6.72313	6.70629	6.72022	61976	0	120
2019.03.27	6.72022	6.73928	6.71543	6.73648	71831	0	120
2019.03.28	6.73649	6.74945	6.72868	6.73882	70988	0	120
2019.03.29	6.73880	6.74100	6.71102	6.72164	75780	0	120
2019.04.01	6.71270	6.72224	6.70537	6.71764	67074	0	120
2019.04.02	6.71761	6.73128	6.71681	6.72450	61624	0	120
2019.04.03	6.72445	6.72640	6.70659	6.71410	62727	0	120
2019.04.04	6.71112	6.72431	6.70940	6.71514	56976	0	120
2019.04.05	6.71556	6.71790	6.70256	6.70992	48838	0	120
2019.04.08	6.70593	6.72684	6.70560	6.71653	54550	0	120
2019.04.09	6.71673	6.72214	6.71174	6.71760	73897	0	120
2019.04.10	6.71664	6.72570	6.71580	6.71779	57336	0	120
2019.04.11	6.71645	6.72918	6.71594	6.72744	57672	0	120
2019.04.12	6.72574	6.72971	6.70326	6.70861	63562	0	120
2019.04.15	6.70409	6.71222	6.70315	6.70626	59757	0	120
2019.04.16	6.70459	6.71411	6.70387	6.71170	53087	0	120
2019.04.17	6.71160	6.71420	6.67567	6.67570	58917	0	120
2019.04.18	6.67669	6.71015	6.67612	6.70626	70944	0	120
2019.04.19	6.70546	6.70830	6.69888	6.70104	18020	0	120
2019.04.22	6.70120	6.71851	6.69936	6.71100	20586	0	120
2019.04.23	6.71073	6.72942	6.70985	6.72838	38017	0	120
2019.04.24	6.72713	6.73868	6.71944	6.73378	58762	0	120
2019.04.25	6.73379	6.75931	6.73150	6.75008	59337	0	116
2019.04.26	6.74832	6.74983	6.72753	6.73670	65781	0	120
2019.04.29	6.73448	6.74423	6.73221	6.73783	38072	0	120
2019.04.30	6.73663	6.74824	6.73480	6.73584	52585	0	120
2019.05.01	6.73606	6.74063	6.71721	6.73155	40184	0	120
2019.05.02	6.73040	6.74720	6.72467	6.74686	53249	0	120
2019.05.03	6.74399	6.75042	6.73271	6.73334	47517	0	120
2019.05.06	6.78890	6.82120	6.76747	6.77243	76580	0	120
2019.05.07	6.78923	6.80170	6.77132	6.79386	71526	0	120
2019.05.08	6.79111	6.80963	6.78061	6.80710	79766	0	120
2019.05.09	6.80613	6.86300	6.80087	6.83633	91392	0	120
2019.05.10	6.83162	6.86412	6.81660	6.84376	94080	0	120
2019.05.13	6.85365	6.91788	6.85302	6.91123	70484	0	120
2019.05.14	6.91576	6.91880	6.88695	6.90373	61406	0	120
2019.05.15	6.90343	6.91703	6.89321	6.90152	65698	0	120
2019.05.16	6.90111	6.93102	6.90104	6.92840	61225	0	120
2019.05.17	6.92607	6.94850	6.92071	6.94668	73320	0	120
2019.05.20	6.94427	6.94770	6.92397	6.93800	59258	0	120
2019.05.21	6.93721	6.94586	6.92004	6.93252	73436	0	120
2019.05.22	6.93000	6.94052	6.92322	6.93492	53130	0	120
2019.05.23	6.93158	6.94270	6.92520	6.92540	52474	0	120
2019.05.24	6.92536	6.93382	6.90928	6.91542	45532	0	120
2019.05.27	6.91470	6.91530	6.89697	6.90523	40339	0	120
2019.05.28	6.90620	6.93050	6.90453	6.92048	56167	0	120
2019.05.29	6.92068	6.93840	6.91970	6.93245	56095	0	120
2019.05.30	6.93237	6.93300	6.92108	6.92790	47577	0	120
2019.05.31	6.92714	6.94690	6.92250	6.93483	74298	0	120
2019.06.03	6.93578	6.94210	6.91417	6.92044	62027	0	280
2019.06.04	6.92040	6.93210	6.91375	6.91865	64829	0	280
2019.06.05	6.91901	6.93111	6.91444	6.92786	69162	0	280
2019.06.06	6.92610	6.93127	6.92132	6.92631	59433	0	280
2019.06.07	6.92441	6.96089	6.92134	6.94325	59545	0	280
2019.06.10	6.93710	6.95748	6.93670	6.94222	44924	0	280
2019.06.11	6.94134	6.94717	6.91967	6.92405	55411	0	280
2019.06.12	6.92247	6.93341	6.91547	6.92787	48173	0	120
2019.06.13	6.92690	6.93519	6.92409	6.92931	47339	0	120
2019.06.14	6.92857	6.93713	6.92853	6.92954	47383	0	120
2019.06.17	6.92999	6.93430	6.92784	6.92952	33536	0	120
2019.06.18	6.92995	6.93930	6.89660	6.90200	55084	0	120
2019.06.19	6.89985	6.90963	6.88733	6.89314	50650	0	120
2019.06.20	6.89104	6.89530	6.84734	6.85995	66653	0	120
2019.06.21	6.85580	6.87946	6.83610	6.86530	65211	0	120
2019.06.24	6.86223	6.88526	6.85575	6.87492	43459	0	120
2019.06.25	6.87146	6.88924	6.86034	6.88362	55920	0	120
2019.06.26	6.88249	6.89094	6.86566	6.88695	60619	0	120
2019.06.27	6.88695	6.88703	6.86964	6.87030	48597	0	120
2019.06.28	6.86996	6.87858	6.86073	6.86757	56975	0	120
2019.07.01	6.82500	6.86435	6.81587	6.85716	63835	0	120
2019.07.02	6.85669	6.88810	6.84998	6.88680	69707	0	120
2019.07.03	6.88682	6.89976	6.88021	6.88403	69423	0	120
2019.07.04	6.88182	6.88460	6.87030	6.87325	28157	0	120
2019.07.05	6.87273	6.89896	6.87195	6.89479	54738	0	120
2019.07.08	6.89420	6.89878	6.88360	6.88753	37412	0	120
2019.07.09	6.88710	6.89639	6.88210	6.89423	40798	0	120
2019.07.10	6.89389	6.89510	6.86921	6.87130	47130	0	120
2019.07.11	6.87105	6.87710	6.86065	6.87601	51568	0	120
2019.07.12	6.87502	6.88532	6.87160	6.87811	43278	0	120
2019.07.15	6.87642	6.88580	6.87022	6.87310	42415	0	120
2019.07.16	6.87232	6.88248	6.86940	6.88088	46987	0	120
2019.07.17	6.87976	6.88400	6.87280	6.87737	44776	0	120
2019.07.18	6.87581	6.88605	6.87104	6.87214	56694	0	120
2019.07.19	6.87160	6.88495	6.87017	6.88109	67454	0	120
2019.07.22	6.87560	6.88365	6.87549	6.88357	40055	0	120
2019.07.23	6.88051	6.88560	6.87905	6.88392	47159	0	120
2019.07.24	6.88312	6.88603	6.87069	6.87557	54531	0	120
2019.07.25	6.87509	6.87755	6.86738	6.87352	93301	0	120
2019.07.26	6.86980	6.88306	6.86980	6.88199	64543	0	120
2019.07.29	6.87980	6.89952	6.87740	6.89161	41048	0	120
2019.07.30	6.89290	6.89447	6.88280	6.88811	45236	0	120
2019.07.31	6.88855	6.91449	6.88476	6.90777	76233	0	120
2019.08.01	6.90512	6.96710	6.90172	6.95407	86334	0	120
2019.08.02	6.95330	6.97940	6.94895	6.97320	130808	0	110
2019.08.05	6.97706	7.10905	6.97362	7.09693	126301	0	120
2019.08.06	7.09430	7.13931	7.04140	7.05235	123987	0	120
2019.08.07	7.05218	7.09674	7.05131	7.08077	108565	0	120
2019.08.08	7.07901	7.10289	7.06171	7.07647	81646	0	120
2019.08.09	7.08340	7.10759	7.07125	7.09698	65615	0	120
2019.08.12	7.09503	7.11209	7.08762	7.10159	87681	0	120
2019.08.13	7.10130	7.10630	6.98494	7.00834	97124	0	120
2019.08.14	7.01131	7.05586	7.00947	7.05400	91705	0	120
2019.08.15	7.05241	7.06429	7.02956	7.04728	85496	0	120
2019.08.16	7.04678	7.05779	7.04194	7.04278	75463	0	120
2019.08.19	7.04435	7.07613	7.03975	7.07480	53310	0	120
2019.08.20	7.06883	7.07580	7.06500	7.06967	56947	0	120
2019.08.21	7.06894	7.07236	7.05446	7.06818	51714	0	120
2019.08.22	7.06512	7.09914	7.06500	7.08836	61972	0	120
2019.08.23	7.08916	7.13794	7.08250	7.13397	83708	0	120
2019.08.26	7.17387	7.18266	7.14614	7.16941	94567	0	120
2019.08.27	7.16458	7.18015	7.15021	7.16650	76933	0	120
2019.08.28	7.16360	7.17520	7.15450	7.16876	61784	0	120
2019.08.29	7.16807	7.17720	7.13997	7.14223	69246	0	120
2019.08.30	7.14139	7.16870	7.13936	7.15982	72873	0	120
2019.09.02	7.17512	7.19499	7.16299	7.19349	41938	0	120
2019.09.03	7.19124	7.19571	7.17500	7.17672	70770	0	120
2019.09.04	7.17466	7.17630	7.14396	7.14600	75666	0	120
2019.09.05	7.14451	7.14986	7.12079	7.13698	76870	0	120
2019.09.06	7.13437	7.15080	7.09532	7.10553	87793	0	120
2019.09.09	7.10526	7.13143	7.10447	7.11605	61572	0	120
2019.09.10	7.11687	7.12325	7.09794	7.10880	80930	0	120
2019.09.11	7.10855	7.11943	7.10300	7.10740	71766	0	120
2019.09.12	7.10740	7.10769	7.05098	7.06736	87340	0	120
2019.09.13	7.06670	7.06750	7.03041	7.04280	85935	0	120
2019.09.16	7.04948	7.06990	7.04389	7.06165	72957	0	120
2019.09.17	7.06129	7.09625	7.05938	7.08469	73986	0	120
2019.09.18	7.08343	7.08901	7.07198	7.08220	65253	0	120
2019.09.19	7.08057	7.10588	7.07671	7.10180	73096	0	120
2019.09.20	7.09729	7.13008	7.07489	7.11923	81142	0	120
2019.09.23	7.10325	7.12540	7.09694	7.10918	64305	0	120
2019.09.24	7.10854	7.11841	7.09811	7.10585	67776	0	120
2019.09.25	7.10468	7.13392	7.10386	7.12829	74282	0	120
2019.09.26	7.12521	7.13387	7.11672	7.12338	79025	0	120
2019.09.27	7.12132	7.15114	7.11288	7.13821	71207	0	120
2019.09.30	7.13430	7.14995	7.11793	7.13971	63284	0	120
2019.10.01	7.13918	7.15582	7.13361	7.14480	66694	0	120
2019.10.02	7.14470	7.15805	7.14257	7.14595	54360	0	120
2019.10.03	7.14298	7.14806	7.12394	7.12720	58361	0	120
2019.10.04	7.12449	7.13044	7.10674	7.10964	72684	0	120
2019.10.07	7.12345	7.13925	7.12284	7.13385	66402	0	120
2019.10.08	7.13365	7.16653	7.11802	7.16446	116673	0	120
2019.10.09	7.16210	7.16720	7.12449	7.13798	84405	0	120
2019.10.10	7.13715	7.16788	7.09811	7.10302	111707	0	120
2019.10.11	7.10200	7.11235	7.06970	7.08820	114701	0	120
2019.10.14	7.08480	7.09410	7.04966	7.06888	101567	0	120
2019.10.15	7.06609	7.08810	7.06098	7.08199	91080	0	120
2019.10.16	7.08163	7.11203	7.08133	7.09975	103053	0	120
2019.10.17	7.09877	7.10710	7.06633	7.08036	119481	0	120
2019.10.18	7.08056	7.08734	7.06892	7.06940	73970	0	120
2019.10.21	7.07030	7.07717	7.06212	7.06882	80446	0	120
2019.10.22	7.06750	7.08212	7.06447	7.07550	62582	0	120
2019.10.23	7.07266	7.08529	7.05971	7.05971	64120	0	120
2019.10.24	7.06101	7.07370	7.05238	7.07191	84430	0	120
2019.10.25	7.07031	7.07439	7.04940	7.04960	71424	0	120
2019.10.28	7.05053	7.06534	7.04424	7.06313	79984	0	120
2019.10.29	7.06314	7.06715	7.05204	7.06160	73943	0	120
2019.10.30	7.06154	7.06864	7.04298	7.04407	90165	0	120
2019.10.31	7.04405	7.05334	7.02885	7.04600	108073	0	120
2019.11.01	7.04600	7.05116	7.03596	7.04054	77096	0	120
2019.11.04	7.03559	7.04044	7.02197	7.03077	66525	0	120
2019.11.05	7.02990	7.03505	6.98561	7.00080	94523	0	120
2019.11.06	7.00000	7.01799	6.98703	7.01117	78962	0	120
2019.11.07	7.01064	7.01952	6.95183	6.97081	93613	0	120
2019.11.08	6.96652	7.00358	6.96441	6.98737	90681	0	120
2019.11.11	6.98571	7.01283	6.98480	7.00604	60608	0	120
2019.11.12	7.00480	7.02409	6.99178	7.02319	73122	0	120
2019.11.13	7.02260	7.03665	7.01352	7.02838	83512	0	120
2019.11.14	7.02810	7.03148	7.01645	7.01826	74595	0	120
2019.11.15	7.01731	7.02307	7.00060	7.00339	57268	0	120
2019.11.18	7.00592	7.03148	7.00329	7.02396	76743	0	120
2019.11.19	7.02173	7.03169	7.01899	7.02722	55730	0	120
2019.11.20	7.02699	7.04936	7.02619	7.03847	71142	0	120
2019.11.21	7.03831	7.05270	7.02244	7.03020	70856	0	120
2019.11.22	7.03240	7.04772	7.02550	7.04160	58614	0	120
2019.11.25	7.03614	7.04256	7.02674	7.03023	57265	0	120
2019.11.26	7.02936	7.04173	7.00814	7.01146	70900	0	120
2019.11.27	7.01180	7.02629	7.01180	7.01390	61664	0	120
2019.11.28	7.01512	7.03446	7.01485	7.03073	51911	0	120
2019.11.29	7.02959	7.03680	7.02058	7.03015	61178	0	120
2019.12.02	7.02644	7.04471	7.02571	7.04214	64922	0	120
2019.12.03	7.04105	7.08646	7.03481	7.06712	74222	0	120
2019.12.04	7.06410	7.08113	7.04658	7.05146	87716	0	120
2019.12.05	7.05129	7.05793	7.03698	7.04049	73918	0	120
2019.12.06	7.03944	7.04910	7.01915	7.02142	88827	0	120
2019.12.09	7.02002	7.04086	7.01928	7.03573	54147	0	120
2019.12.10	7.03527	7.04033	7.02504	7.02626	68255	0	120
2019.12.11	7.02712	7.04034	7.02588	7.02780	59656	0	120
2019.12.12	7.02790	7.04075	6.92125	6.94027	86998	0	120
2019.12.13	6.94055	7.02472	6.92605	7.00240	115722	0	120
2019.12.16	7.00405	7.00739	6.98595	6.99136	64962	0	120
2019.12.17	6.98944	7.00819	6.98834	6.99746	54101	0	120
2019.12.18	6.99430	7.00722	6.99146	7.00138	53139	0	120
2019.12.19	7.00118	7.00604	6.99068	6.99825	47346	0	120
2019.12.20	6.99754	7.01155	6.99571	6.99997	51072	0	120
2019.12.23	6.99951	7.01245	6.99822	7.00690	47287	0	120
2019.12.24	7.00643	7.01250	7.00178	7.00262	38963	0	120
2019.12.26	6.99555	6.99944	6.98944	6.99070	10597	0	120
2019.12.27	6.99080	6.99792	6.98945	6.98950	65193	0	120
2019.12.30	6.99030	6.99343	6.97430	6.98307	57509	0	120
2019.12.31	6.98278	6.98405	6.95784	6.96064	60961	0	120
2020.01.02	6.95943	6.96426	6.95604	6.95937	37386	0	120
2020.01.03	6.95695	6.97386	6.95600	6.96600	69161	0	120
2020.01.06	6.96224	6.97650	6.96096	6.96797	58623	0	133
2020.01.07	6.96824	6.96884	6.92803	6.93994	71741	0	122
2020.01.08	6.93926	6.96280	6.93140	6.93554	98930	0	135
2020.01.09	6.93388	6.93645	6.91601	6.92362	66637	0	128
2020.01.10	6.92204	6.93240	6.90890	6.91169	52345	0	128
2020.01.13	6.91005	6.91434	6.87889	6.87974	70565	0	136
2020.01.14	6.87675	6.89129	6.86486	6.88764	75466	0	132
2020.01.15	6.88397	6.90379	6.88397	6.88975	69478	0	134
2020.01.16	6.88944	6.89359	6.87119	6.87499	68720	0	139
2020.01.17	6.87357	6.88163	6.85666	6.86538	73850	0	123
2020.01.20	6.85795	6.87244	6.84431	6.86502	59514	0	122
2020.01.21	6.86329	6.91157	6.86322	6.90796	83767	0	130
2020.01.22	6.90802	6.91689	6.89457	6.90794	74926	0	120
2020.01.23	6.90766	6.94114	6.90763	6.92734	87835	0	126
2020.01.24	6.92723	6.93751	6.91971	6.92938	64448	0	177
2020.01.27	6.94429	6.98863	6.94124	6.98355	74238	0	125
2020.01.28	6.98355	6.98659	6.96432	6.96432	55383	0	144
2020.01.29	6.96427	6.96873	6.95184	6.96769	62417	0	129
2020.01.30	6.96769	7.00246	6.96315	6.97994	65700	0	167
2020.01.31	6.97928	7.00564	6.97047	6.99734	78100	0	138
2020.02.03	6.98951	7.02166	6.98297	7.00980	79810	0	176
2020.02.04	7.00938	7.02186	6.98453	6.98857	78149	0	141
2020.02.05	6.98741	7.00894	6.96187	6.97306	86856	0	136
2020.02.06	6.97306	6.97929	6.95588	6.97764	68511	0	128
2020.02.07	6.97558	7.00842	6.96964	7.00416	73713	0	133
2020.02.10	7.00524	7.00986	6.97586	6.98202	68026	0	130
2020.02.11	6.98155	6.98361	6.96153	6.96919	61495	0	140
2020.02.12	6.96919	6.97563	6.95621	6.97279	63517	0	140
2020.02.13	6.97279	6.98959	6.96900	6.98769	68447	0	133
2020.02.14	6.98696	6.99540	6.97973	6.99080	47985	0	126
2020.02.17	6.98850	6.98973	6.97252	6.98341	36846	0	124
2020.02.18	6.98266	7.00980	6.98132	7.00445	60171	0	127
2020.02.19	7.00452	7.01602	6.99230	7.01161	63792	0	123
2020.02.20	7.01092	7.05361	7.00631	7.04355	72700	0	132
2020.02.21	7.04372	7.05600	7.03275	7.03333	77376	0	147
2020.02.24	7.04724	7.05504	7.02639	7.03430	86930	0	129
2020.02.25	7.03380	7.03505	7.01164	7.02701	101280	0	177
2020.02.26	7.02185	7.03652	7.01799	7.02048	99551	0	123
2020.02.27	7.01896	7.02893	6.99676	7.00915	113250	0	172
2020.02.28	7.00709	7.01954	6.97629	6.97652	144351	0	173
2020.03.02	6.99130	6.99132	6.95230	6.96083	119418	0	135
2020.03.03	6.96059	6.98625	6.93635	6.94534	107217	0	157
2020.03.04	6.94556	6.95067	6.91609	6.92116	100497	0	132
2020.03.05	6.92073	6.94483	6.91881	6.93937	66553	0	134
2020.03.06	6.93937	6.96115	6.92359	6.92763	93052	0	120
2020.03.09	6.92584	6.95886	6.90314	6.94372	135745	0	120
2020.03.10	6.94309	6.96665	6.93125	6.96308	129403	0	120
2020.03.11	6.96275	6.97044	6.94842	6.96264	75779	0	120
2020.03.12	6.96264	7.04068	6.95994	7.02293	115924	0	126
2020.03.13	7.03107	7.04986	6.98839	7.01125	108902	0	166
2020.03.16	6.98570	7.02879	6.98389	7.00396	83293	0	133
2020.03.17	7.00479	7.04312	6.98929	7.02567	78145	0	169
2020.03.18	7.02567	7.09035	7.01629	7.07052	80067	0	126
2020.03.19	7.07052	7.16391	7.05757	7.15329	110862	0	120
2020.03.20	7.15329	7.16025	7.06541	7.12394	110752	0	142
2020.03.23	7.11550	7.15035	7.07953	7.10218	103414	0	151
2020.03.24	7.10218	7.12190	7.06747	7.07639	92546	0	136
2020.03.25	7.07639	7.14136	7.05731	7.11914	85931	0	122
2020.03.26	7.11918	7.13830	7.07000	7.07051	101343	0	147
2020.03.27	7.07051	7.11629	7.06425	7.08590	90031	0	120
2020.03.30	7.08432	7.12070	7.07114	7.11080	90839	0	189
2020.03.31	7.10824	7.11379	7.07924	7.09255	92634	0	135
2020.04.01	7.09255	7.13236	7.07657	7.12153	59289	0	143
2020.04.02	7.12153	7.14096	7.08368	7.08907	85427	0	150
2020.04.03	7.08907	7.11855	7.08172	7.10632	82112	0	129
2020.04.06	7.10418	7.11645	7.09629	7.10591	72868	0	133
2020.04.07	7.10567	7.10720	7.04727	7.06393	84821	0	141
2020.04.08	7.06393	7.08126	7.05589	7.06764	74452	0	143
2020.04.09	7.06764	7.08220	7.04352	7.05760	82181	0	186
2020.04.10	7.05779	7.05879	7.03465	7.04314	17179	0	127
2020.04.13	7.04261	7.06017	7.04035	7.05291	52081	0	138
2020.04.14	7.05284	7.06610	7.04168	7.04579	71361	0	147
2020.04.15	7.04579	7.07683	7.03911	7.06936	84771	0	138
2020.04.16	7.06936	7.09140	7.06618	7.08658	89872	0	144
2020.04.17	7.08658	7.08704	7.06699	7.07597	86423	0	127
2020.04.20	7.07623	7.09160	7.07260	7.08953	68218	0	139
2020.04.21	7.08953	7.10806	7.08073	7.10197	90974	0	125
2020.04.22	7.10216	7.10405	7.08869	7.09910	77082	0	122
2020.04.23	7.09910	7.10190	7.07697	7.09285	92395	0	123
2020.04.24	7.09285	7.09695	7.08185	7.08754	70590	0	144
2020.04.27	7.08763	7.09386	7.07648	7.09085	63440	0	140
2020.04.28	7.09085	7.09727	7.07468	7.08720	71943	0	121
2020.04.29	7.08720	7.08773	7.06959	7.07040	59359	0	179
2020.04.30	7.07040	7.08739	7.05143	7.07944	80532	0	139
2020.05.01	7.07944	7.13932	7.07021	7.13313	64859	0	141
2020.05.04	7.12891	7.15439	7.12100	7.12942	60612	0	131
2020.05.05	7.12942	7.13106	7.10983	7.11990	67491	0	121
2020.05.06	7.11803	7.13124	7.09866	7.12744	77692	0	121
2020.05.07	7.12744	7.13555	7.08915	7.09186	73406	0	158
2020.05.08	7.09186	7.09609	7.07983	7.09138	61690	0	136
2020.05.11	7.09233	7.11037	7.08258	7.10589	58532	0	123
2020.05.12	7.10551	7.11256	7.08780	7.10656	68074	0	123
2020.05.13	7.09781	7.11339	7.09333	7.10996	92127	0	134
2020.05.14	7.11008	7.12843	7.10531	7.10764	97630	0	135
2020.05.15	7.10764	7.13407	7.10564	7.13235	87283	0	130
2020.05.18	7.12850	7.14357	7.11512	7.11748	79557	0	126
2020.05.19	7.11748	7.12573	7.10762	7.11425	71903	0	134
2020.05.20	7.11425	7.12358	7.09719	7.10544	84638	0	136
2020.05.21	7.09995	7.13512	7.09648	7.12947	86477	0	131
2020.05.22	7.12947	7.16327	7.12513	7.14729	92011	0	137
2020.05.25	7.15113	7.15742	7.14281	7.14738	49342	0	120
2020.05.26	7.14738	7.14880	7.13432	7.14472	77293	0	149
2020.05.27	7.14149	7.19514	7.13863	7.17499	111994	0	120
2020.05.28	7.17587	7.18636	7.15257	7.16862	93110	0	131
2020.05.29	7.16803	7.17578	7.12907	7.13162	95238	0	127
2020.06.01	7.13513	7.15051	7.12177	7.12466	95473	0	157
2020.06.02	7.12494	7.13222	7.10029	7.10524	88633	0	144
2020.06.03	7.10524	7.12609	7.08667	7.11754	105306	0	134
2020.06.04	7.11754	7.13240	7.10219	7.10748	97082	0	127
2020.06.05	7.10381	7.11642	7.06617	7.06661	104946	0	120
2020.06.08	7.06633	7.08604	7.05310	7.05525	78048	0	128
2020.06.09	7.05525	7.09058	7.05207	7.07669	88203	0	123
2020.06.10	7.07374	7.08160	7.03873	7.05253	89665	0	120
2020.06.11	7.05253	7.08204	7.04011	7.07841	115500	0	160
2020.06.12	7.07250	7.08640	7.06554	7.07339	108823	0	151
2020.06.15	7.08363	7.09621	7.06714	7.07049	96322	0	133
2020.06.16	7.07049	7.08923	7.05884	7.08035	101463	0	196
2020.06.17	7.07923	7.08933	7.06750	7.07564	89323	0	142
2020.06.18	7.07271	7.08647	7.06046	7.08073	87378	0	121
2020.06.19	7.08073	7.08278	7.06284	7.07821	89438	0	140
2020.06.22	7.07813	7.08019	7.05423	7.05677	70525	0	134
2020.06.23	7.05427	7.08703	7.04980	7.05997	84704	0	165
2020.06.24	7.05997	7.08191	7.04423	7.07804	90129	0	149
2020.06.25	7.07804	7.08794	7.07300	7.08011	67108	0	155
2020.06.26	7.08011	7.08866	7.07455	7.08567	41542	0	120
2020.06.29	7.08433	7.08586	7.06760	7.07548	56873	0	139
2020.06.30	7.07674	7.07902	7.06150	7.06915	64237	0	120
2020.07.01	7.06918	7.07517	7.05704	7.06526	56567	0	120
2020.07.02	7.06526	7.07378	7.06126	7.06573	77437	0	128
2020.07.03	7.06573	7.07017	7.06155	7.06646	54515	0	129
2020.07.06	7.06532	7.06790	7.00895	7.01214	91019	0	122
2020.07.07	7.01046	7.02563	6.99516	7.02175	96506	0	137
2020.07.08	7.02175	7.02825	6.99688	6.99728	67539	0	120
2020.07.09	6.99728	7.00010	6.97945	6.99464	75637	0	136
2020.07.10	6.99464	7.01564	6.99184	7.00807	77817	0	123
2020.07.13	7.00211	7.01160	6.99252	7.00245	94365	0	122
2020.07.14	6.99787	7.02435	6.99399	7.00915	98749	0	122
2020.07.15	7.00725	7.00921	6.97941	6.98090	82442	0	137
2020.07.16	6.98090	7.00159	6.97804	6.99165	71965	0	129
2020.07.17	6.99143	7.00185	6.98757	6.98830	55664	0	135
2020.07.20	6.98884	6.99840	6.98120	6.98575	59230	0	122
2020.07.21	6.98563	6.99351	6.96797	6.97196	62587	0	147
2020.07.22	6.97196	7.01674	6.96296	7.01671	90059	0	133
2020.07.23	7.01671	7.01671	6.99172	7.01000	83198	0	124
2020.07.24	7.01000	7.02893	7.00167	7.01421	87997	0	159
2020.07.27	7.01083	7.01829	6.99503	6.99866	68085	0	122
2020.07.28	6.99713	7.01060	6.98498	7.00214	74352	0	126
2020.07.29	6.99954	7.00806	6.99356	6.99608	68887	0	121
2020.07.30	6.99533	7.01590	6.99032	7.00133	74092	0	121
2020.07.31	6.99986	7.00246	6.97379	6.98698	86915	0	122
2020.08.03	6.98780	6.99219	6.97437	6.98114	56370	0	123
2020.08.04	6.98023	6.98835	6.97254	6.97304	62964	0	124
2020.08.05	6.97264	6.97421	6.93080	6.94293	76346	0	120
2020.08.06	6.94138	6.95189	6.93144	6.94173	82655	0	121
2020.08.07	6.94153	6.97509	6.93923	6.96548	85258	0	130
2020.08.10	6.96413	6.97301	6.95401	6.95935	68206	0	134
2020.08.11	6.95723	6.96543	6.93556	6.94107	82140	0	129
2020.08.12	6.93897	6.95371	6.93028	6.93130	78628	0	135
2020.08.13	6.93002	6.95227	6.92639	6.94439	72613	0	127
2020.08.14	6.94439	6.95181	6.93792	6.93909	64259	0	121
2020.08.17	6.93701	6.94412	6.92916	6.93128	59990	0	130
2020.08.18	6.93128	6.93229	6.90416	6.90455	78223	0	154
2020.08.19	6.90463	6.92357	6.89653	6.91874	80801	0	136
2020.08.20	6.91874	6.92505	6.90370	6.90480	90643	0	201
2020.08.21	6.90413	6.92420	6.89217	6.91954	78423	0	130
2020.08.24	6.91749	6.91820	6.90253	6.91072	69992	0	223
2020.08.25	6.90973	6.91248	6.89922	6.90313	69765	0	223
2020.08.26	6.90144	6.90380	6.87887	6.87899	78664	0	222
2020.08.27	6.87836	6.89245	6.86726	6.88690	107475	0	224
2020.08.28	6.88377	6.88697	6.85654	6.85755	94809	0	222
2020.08.31	6.85625	6.86053	6.84229	6.84641	95359	0	222
2020.09.01	6.84430	6.84910	6.81204	6.83555	105541	0	222
2020.09.02	6.83555	6.83727	6.82119	6.83213	102084	0	222
2020.09.03	6.83190	6.84846	6.82278	6.84595	99195	0	222
2020.09.04	6.84133	6.84868	6.83370	6.83434	93676	0	222
2020.09.07	6.83146	6.83858	6.82666	6.83024	47888	0	216
2020.09.08	6.83021	6.85481	6.82674	6.85240	90963	0	222
2020.09.09	6.84940	6.85965	6.82916	6.83042	78047	0	222
2020.09.10	6.82969	6.84433	6.82380	6.84400	82528	0	222
2020.09.11	6.84141	6.84352	6.83056	6.83089	54277	0	222
2020.09.14	6.83106	6.83279	6.80393	6.80693	53897	0	217
2020.09.15	6.80599	6.80916	6.76480	6.77896	64959	0	222
2020.09.16	6.77894	6.78489	6.74089	6.74393	72161	0	218
2020.09.17	6.74393	6.78139	6.74046	6.75235	75016	0	214
2020.09.18	6.75155	6.77817	6.74384	6.77769	68903	0	222
2020.09.21	6.75807	6.80685	6.75190	6.79163	73760	0	222
2020.09.22	6.79133	6.79961	6.77124	6.78300	78686	0	222
2020.09.23	6.77877	6.82741	6.77421	6.82449	74029	0	222
2020.09.24	6.82120	6.84489	6.81196	6.82529	91690	0	227
2020.09.25	6.82529	6.84345	6.80583	6.82176	71512	0	222
2020.09.28	6.82100	6.83338	6.80891	6.80904	57951	0	223
2020.09.29	6.81351	6.82901	6.80959	6.81489	53403	0	216
2020.09.30	6.81444	6.82337	6.77924	6.78328	73583	0	222
2020.10.01	6.78007	6.78897	6.72898	6.74686	55468	0	224
2020.10.02	6.74613	6.77674	6.74104	6.75073	55108	0	222
2020.10.05	6.74689	6.75520	6.71214	6.71831	57800	0	229
2020.10.06	6.71831	6.74740	6.71294	6.74655	64802	0	225
2020.10.07	6.74655	6.75312	6.72598	6.73245	59595	0	222
2020.10.08	6.73245	6.74661	6.72383	6.73734	49401	0	223
2020.10.09	6.73734	6.74055	6.67741	6.68650	66794	0	222
2020.10.12	6.71883	6.75528	6.70696	6.74125	58414	0	222
2020.10.13	6.74215	6.76374	6.72833	6.73648	72530	0	224
2020.10.14	6.73642	6.74266	6.70249	6.71178	73351	0	228
2020.10.15	6.71189	6.73112	6.69980	6.71101	71621	0	228
2020.10.16	6.71101	6.71838	6.68541	6.69425	52600	0	227
2020.10.19	6.68757	6.69889	6.66814	6.67763	72654	0	222
2020.10.20	6.67763	6.68288	6.65480	6.66263	64918	0	222
2020.10.21	6.66263	6.66263	6.62625	6.64122	92714	0	222
2020.10.22	6.64122	6.67614	6.63157	6.67012	75715	0	202
2020.10.23	6.66981	6.68269	6.64839	6.66484	69925	0	222
2020.10.26	6.65882	6.71610	6.65882	6.69359	75306	0	222
2020.10.27	6.69359	6.72178	6.68695	6.70575	77329	0	211
2020.10.28	6.70575	6.73655	6.70487	6.72476	94508	0	223
2020.10.29	6.72085	6.72783	6.69898	6.70180	93592	0	135
2020.10.30	6.70180	6.70866	6.67533	6.69400	103790	0	152
2020.11.02	6.69381	6.70300	6.68251	6.68681	76492	0	120
2020.11.03	6.68669	6.69479	6.67111	6.67139	74220	0	121
2020.11.04	6.67251	6.77251	6.61868	6.62028	98366	0	120
2020.11.05	6.61976	6.66186	6.60023	6.60395	99264	0	120
2020.11.06	6.60389	6.62762	6.58438	6.59062	76993	0	120
2020.11.09	6.58240	6.64820	6.54613	6.61461	112527	0	120
2020.11.10	6.61135	6.62777	6.58477	6.59816	87297	0	120
2020.11.11	6.59844	6.62783	6.58086	6.61661	65559	0	120
2020.11.12	6.61445	6.63373	6.60033	6.61549	70839	0	120
2020.11.13	6.61502	6.62672	6.59069	6.59069	59502	0	120
2020.11.16	6.59140	6.60194	6.56498	6.56972	50296	0	120
2020.11.17	6.56640	6.57217	6.54438	6.54691	58600	0	120
2020.11.18	6.54695	6.56581	6.53079	6.56131	59048	0	120
2020.11.19	6.55826	6.58998	6.55454	6.57158	59479	0	122
2020.11.20	6.57273	6.57874	6.54962	6.55011	55649	0	122
2020.11.23	6.55478	6.58704	6.54328	6.58162	59025	0	120
2020.11.24	6.57889	6.59595	6.56743	6.57455	57228	0	131
2020.11.25	6.57414	6.58184	6.55976	6.56180	61549	0	121
2020.11.26	6.56020	6.57222	6.55439	6.56824	39161	0	130
2020.11.27	6.56769	6.57910	6.56265	6.57323	44227	0	126
2020.11.30	6.56650	6.58658	6.56381	6.58401	57009	0	120
2020.12.01	6.57619	6.58172	6.54641	6.55022	58792	0	128
2020.12.02	6.54706	6.56123	6.54070	6.54091	60556	0	124
2020.12.03	6.53873	6.55248	6.52413	6.53464	55599	0	124
2020.12.04	6.52958	6.54099	6.50572	6.51600	59905	0	134
2020.12.07	6.51088	6.53444	6.50954	6.51836	59027	0	122
2020.12.08	6.51330	6.52567	6.50613	6.51941	50203	0	120
2020.12.09	6.51672	6.54121	6.49583	6.52869	58113	0	143
2020.12.10	6.52740	6.54488	6.52337	6.53425	63550	0	126
2020.12.11	6.53363	6.54100	6.52118	6.53770	52890	0	121
2020.12.14	6.53645	6.53645	6.51544	6.52800	52306	0	126
2020.12.15	6.52767	6.54403	6.51455	6.51560	55972	0	137
2020.12.16	6.51530	6.52744	6.50350	6.51081	60473	0	123
2020.12.17	6.50875	6.51585	6.49851	6.51537	53904	0	128
2020.12.18	6.51456	6.53164	6.51036	6.51956	49937	0	135
2020.12.21	6.52062	6.55188	6.51954	6.53424	80784	0	123
2020.12.22	6.52937	6.54697	6.52873	6.53940	61683	0	124
2020.12.23	6.53820	6.54593	6.51816	6.53110	59442	0	120
2020.12.24	6.53020	6.53327	6.51364	6.51586	35702	0	136
2020.12.28	6.51753	6.53538	6.51299	6.53159	41061	0	124
2020.12.29	6.52980	6.53219	6.51219	6.51655	45712	0	139
2020.12.30	6.51740	6.52272	6.50007	6.50326	51692	0	128
2020.12.31	6.49965	6.51608	6.48690	6.50124	49423	0	140
2021.01.04	6.49486	6.49547	6.43845	6.45337	73270	0	120
2021.01.05	6.45331	6.45702	6.41048	6.43555	65836	0	121
2021.01.06	6.43501	6.45618	6.42330	6.44776	69360	0	122
2021.01.07	6.44630	6.47670	6.43524	6.47067	60582	0	127
2021.01.08	6.46918	6.47574	6.45128	6.46295	74225	0	120
2021.01.11	6.45435	6.48913	6.45424	6.47770	62932	0	120
2021.01.12	6.47310	6.47752	6.44070	6.44120	59270	0	133
2021.01.13	6.44149	6.46907	6.43935	6.46668	52639	0	124
2021.01.14	6.46312	6.47610	6.45649	6.46599	55434	0	122
2021.01.15	6.46370	6.48463	6.46167	6.48363	53380	0	122
2021.01.18	6.47913	6.50623	6.47773	6.49416	47990	0	120
2021.01.19	6.49361	6.49722	6.47258	6.47985	51057	0	125
2021.01.20	6.47825	6.48101	6.45941	6.46162	51568	0	124
2021.01.21	6.45960	6.46916	6.45392	6.46406	49451	0	130
2021.01.22	6.46150	6.49847	6.46150	6.49690	56383	0	122
2021.01.25	6.49345	6.49583	6.48103	6.48691	50282	0	127
2021.01.26	6.48548	6.48923	6.46766	6.47186	46661	0	122
2021.01.27	6.47224	6.49953	6.46549	6.49664	61033	0	120
2021.01.28	6.49300	6.51456	6.46761	6.47357	71569	0	121
2021.01.29	6.46760	6.48000	6.43852	6.44600	74367	0	120
2021.02.01	6.44982	6.47803	6.44187	6.47456	68892	0	123
2021.02.02	6.47041	6.47454	6.45362	6.45711	57972	0	121
2021.02.03	6.45614	6.46653	6.45422	6.45693	48072	0	122
2021.02.04	6.45690	6.47713	6.45592	6.47208	49105	0	122
2021.02.05	6.47278	6.48674	6.45700	6.45719	45717	0	123
2021.02.08	6.45758	6.46147	6.43764	6.44076	45605	0	125
2021.02.09	6.44634	6.44822	6.41679	6.41800	51275	0	123
2021.02.10	6.41808	6.43225	6.41157	6.42788	48458	0	120
2021.02.11	6.42760	6.43275	6.41581	6.42034	27653	0	132
2021.02.12	6.41700	6.43650	6.41700	6.42009	24709	0	133
2021.02.15	6.41821	6.42183	6.39960	6.40389	24752	0	143
2021.02.16	6.40187	6.42858	6.39963	6.42590	39964	0	132
2021.02.17	6.42566	6.44888	6.42278	6.43483	44028	0	125
2021.02.18	6.43421	6.47020	6.42868	6.45889	48433	0	120
2021.02.19	6.45820	6.46675	6.44142	6.45890	48627	0	122
2021.02.22	6.44911	6.47486	6.44164	6.46544	53356	0	120
2021.02.23	6.46499	6.47296	6.45132	6.45952	52437	0	122
2021.02.24	6.45746	6.46357	6.43996	6.44644	55684	0	124
2021.02.25	6.44666	6.49632	6.44329	6.48846	58454	0	123
2021.02.26	6.48330	6.50770	6.46361	6.48110	78028	0	120
2021.03.01	6.47653	6.47787	6.46353	6.46658	56879	0	123
2021.03.02	6.46527	6.48245	6.46281	6.47396	57787	0	120
2021.03.03	6.47218	6.47765	6.45668	6.47699	52987	0	123
2021.03.04	6.47342	6.49152	6.46891	6.49073	64661	0	122
2021.03.05	6.48973	6.52759	6.47813	6.51525	74923	0	120
2021.03.08	6.51162	6.55280	6.50458	6.55167	72032	0	121
2021.03.09	6.54575	6.56137	6.50973	6.51683	69885	0	120
2021.03.10	6.51340	6.52703	6.49236	6.49355	65081	0	120
2021.03.11	6.49204	6.50386	6.47596	6.47744	57136	0	120
2021.03.12	6.47670	6.51300	6.47470	6.49540	63056	0	122
2021.03.15	6.49352	6.51570	6.49217	6.49650	53701	0	124
2021.03.16	6.49620	6.50469	6.49145	6.49943	47066	0	123
2021.03.17	6.49943	6.50916	6.48057	6.48461	54692	0	120
2021.03.18	6.48461	6.51344	6.48427	6.50631	53627	0	123
2021.03.19	6.50631	6.52103	6.50267	6.50577	57072	0	120
2021.03.22	6.50964	6.51500	6.50081	6.50598	39137	0	120
2021.03.23	6.50593	6.51960	6.50171	6.51517	46107	0	120
2021.03.24	6.51517	6.52832	6.51042	6.52641	48837	0	120
2021.03.25	6.52580	6.55218	6.52489	6.54481	52500	0	121
2021.03.26	6.54481	6.54754	6.53610	6.53746	43846	0	120
2021.03.29	6.53703	6.58268	6.53703	6.57130	46314	0	121
2021.03.30	6.57395	6.58241	6.56699	6.56920	43369	0	120
2021.03.31	6.57132	6.57678	6.55434	6.56210	40175	0	120
2021.04.01	6.56200	6.58644	6.55747	6.57190	42037	0	120
2021.04.02	6.57199	6.57855	6.56294	6.57720	16272	0	124
2021.04.05	6.56667	6.58194	6.55100	6.55110	20701	0	130
2021.04.06	6.55443	6.56351	6.53870	6.53880	33468	0	120
2021.04.07	6.53964	6.55174	6.53740	6.54400	39213	0	120
2021.04.08	6.54543	6.56133	6.54477	6.55300	36693	0	120
2021.04.09	6.55378	6.56909	6.54915	6.55653	36773	0	120
2021.04.12	6.55610	6.56484	6.54420	6.54510	32174	0	123
2021.04.13	6.54626	6.55723	6.53983	6.54070	36893	0	120
2021.04.14	6.54348	6.54600	6.52438	6.52820	39086	0	120
2021.04.15	6.53067	6.54297	6.52173	6.52210	38098	0	120
2021.04.16	6.52351	6.53543	6.51956	6.52603	35127	0	120
2021.04.19	6.52220	6.53346	6.50203	6.50470	37571	0	120
2021.04.20	6.50762	6.50939	6.48715	6.49620	40797	0	123
2021.04.21	6.49703	6.50168	6.48640	6.48720	35388	0	1
2021.04.22	6.48730	6.49949	6.48011	6.49180	44439	0	1
2021.04.23	6.49276	6.49829	6.48544	6.48896	38441	0	1
2021.04.26	6.48431	6.49009	6.46920	6.46970	36821	0	1
2021.04.27	6.47135	6.48606	6.46991	6.47810	35445	0	1
2021.04.28	6.47905	6.48727	6.46804	6.47330	37880	0	1
2021.04.29	6.47540	6.47590	6.46124	6.46270	36210	0	1
2021.04.30	6.46325	6.47466	6.46129	6.47352	32659	0	1
2021.05.03	6.47161	6.48311	6.46730	6.46790	29022	0	1
2021.05.04	6.46875	6.49117	6.46835	6.48090	33381	0	1
2021.05.05	6.48264	6.49299	6.47801	6.48540	27865	0	1
2021.05.06	6.48601	6.48718	6.46220	6.46240	34158	0	1
2021.05.07	6.46333	6.46677	6.41526	6.41591	38876	0	1
2021.05.10	6.41499	6.42949	6.40395	6.42060	41831	0	1
2021.05.11	6.42104	6.43221	6.41576	6.42600	42338	0	1
2021.05.12	6.42719	6.46144	6.42381	6.45840	45047	0	1
2021.05.13	6.45707	6.45919	6.44400	6.44460	41492	0	1
2021.05.14	6.44390	6.45110	6.43172	6.43934	38334	0	1
2021.05.17	6.43692	6.44980	6.43554	6.43980	35572	0	1
2021.05.18	6.44125	6.44217	6.41791	6.41920	39434	0	1
2021.05.19	6.41750	6.44108	6.41750	6.43750	47554	0	1
2021.05.20	6.44003	6.44219	6.42960	6.43260	41186	0	1
2021.05.21	6.43026	6.44161	6.42734	6.43380	41133	0	1
2021.05.24	6.43160	6.44082	6.40700	6.40740	36374	0	1
2021.05.25	6.40853	6.41443	6.39200	6.40990	42007	0	1
2021.05.26	6.40757	6.41079	6.37658	6.37800	43203	0	1
2021.05.27	6.37868	6.39243	6.36764	6.37320	38980	0	1
2021.05.28	6.36796	6.38062	6.35710	6.35934	38326	0	1
2021.05.31	6.35939	6.37446	6.35239	6.37070	33914	0	1
2021.06.01	6.37050	6.38552	6.36049	6.37970	36566	0	1
2021.06.02	6.38059	6.39094	6.37679	6.38270	35471	0	1
2021.06.03	6.38050	6.40014	6.37900	6.39710	33803	0	1
2021.06.04	6.39710	6.41039	6.38511	6.38894	39487	0	1
2021.06.07	6.38830	6.39934	6.38300	6.38500	30812	0	1
2021.06.08	6.38475	6.40176	6.38290	6.39760	35390	0	1
2021.06.09	6.39702	6.40032	6.38207	6.38310	32067	0	1
2021.06.10	6.38590	6.39451	6.37791	6.38330	37083	0	1
2021.06.11	6.38356	6.39985	6.37992	6.39494	29098	0	1
2021.06.14	6.39279	6.41947	6.39200	6.40480	23955	0	1
2021.06.15	6.40440	6.41033	6.40039	6.40300	27945	0	1
2021.06.16	6.40553	6.44188	6.39011	6.43680	36382	0	1
2021.06.17	6.43610	6.46513	6.42154	6.45674	48171	0	1
2021.06.18	6.45487	6.46394	6.44116	6.46217	40733	0	1
2021.06.21	6.45340	6.47974	6.45112	6.46370	45888	0	1
2021.06.22	6.46549	6.48609	6.46284	6.47700	35057	0	1
2021.06.23	6.47728	6.49469	6.47224	6.47560	36294	0	1
2021.06.24	6.47553	6.48585	6.46619	6.46800	35327	0	1
2021.06.25	6.46763	6.47170	6.45191	6.46151	38632	0	1
2021.06.28	6.45490	6.46886	6.45490	6.45900	32883	0	1
2021.06.29	6.45907	6.47223	6.45693	6.46270	32154	0	1
2021.06.30	6.46315	6.46885	6.45853	6.46620	35042	0	1
2021.07.01	6.46499	6.47504	6.46179	6.46880	36347	0	1
2021.07.02	6.46934	6.49085	6.46868	6.47142	37740	0	1
2021.07.05	6.46904	6.47537	6.45880	6.46130	27979	0	1
2021.07.06	6.45932	6.48579	6.45844	6.47670	42279	0	1
2021.07.07	6.47473	6.48337	6.46463	6.47080	39671	0	1
2021.07.08	6.47295	6.49996	6.47218	6.49000	40503	0	1
2021.07.09	6.49012	6.50010	6.47795	6.47855	36031	0	1
2021.07.12	6.47893	6.48221	6.47199	6.47280	67368	0	23
2021.07.13	6.47425	6.48119	6.46550	6.47700	78575	0	30
2021.07.14	6.47940	6.48387	6.44958	6.45580	79921	0	121
2021.07.15	6.45840	6.47059	6.45590	6.45830	105821	0	120
2021.07.16	6.45918	6.48196	6.45873	6.47370	85767	0	126
2021.07.19	6.47150	6.49710	6.46669	6.49150	108434	0	122
2021.07.20	6.49254	6.49417	6.48013	6.48590	115986	0	120
2021.07.21	6.48715	6.48732	6.46046	6.46230	85503	0	120
2021.07.22	6.46090	6.47734	6.46060	6.47230	96109	0	122
2021.07.23	6.47202	6.48611	6.46921	6.47360	84772	0	120
2021.07.26	6.47348	6.49381	6.47183	6.48100	97534	0	120
2021.07.27	6.48206	6.52786	6.47634	6.52370	104775	0	120
2021.07.28	6.52450	6.52503	6.48280	6.48440	108924	0	120
2021.07.29	6.48214	6.49292	6.45500	6.45520	93577	0	120
2021.07.30	6.45642	6.47220	6.45007	6.46090	89126	0	122
2021.08.02	6.45730	6.47200	6.45640	6.46140	76210	0	120
2021.08.03	6.46210	6.46859	6.45944	6.46330	72501	0	121
2021.08.04	6.46340	6.46653	6.45279	6.45940	77205	0	122
2021.08.05	6.45774	6.46484	6.45362	6.45940	64611	0	121
2021.08.06	6.46046	6.48341	6.45960	6.47610	65213	0	120
2021.08.09	6.47913	6.48709	6.47303	6.48430	44467	0	120
2021.08.10	6.48358	6.48832	6.47845	6.48440	33699	0	120
2021.08.11	6.48521	6.49217	6.47198	6.47350	45038	0	120
2021.08.12	6.47241	6.48120	6.47240	6.47660	31453	0	120
2021.08.13	6.47450	6.48463	6.47420	6.47470	30148	0	123
2021.08.16	6.47710	6.48086	6.47303	6.47390	22707	0	121
2021.08.17	6.47480	6.49578	6.47479	6.48920	29787	0	120
2021.08.18	6.49036	6.49270	6.47902	6.48310	31405	0	120
2021.08.19	6.48069	6.50350	6.48067	6.49810	50562	0	124
2021.08.20	6.49894	6.50953	6.49578	6.49770	32984	0	120
2021.08.23	6.50041	6.50402	6.47360	6.47410	33914	0	120
2021.08.24	6.47376	6.48490	6.46458	6.46760	34315	0	120
2021.08.25	6.46671	6.47819	6.46671	6.46720	39722	0	120
2021.08.26	6.46856	6.48446	6.46856	6.48180	48727	0	120
2021.08.27	6.47862	6.48540	6.45843	6.46020	60716	0	120
2021.08.30	6.46096	6.46791	6.45980	6.46300	45495	0	120
2021.08.31	6.46284	6.47117	6.44632	6.45130	74876	0	121
2021.09.01	6.45295	6.46323	6.44631	6.44950	71838	0	120
2021.09.02	6.45000	6.45837	6.44610	6.44650	69983	0	120
2021.09.03	6.44659	6.45628	6.42345	6.43760	86174	0	120
2021.09.06	6.43230	6.45414	6.43230	6.44520	50588	0	120
2021.09.07	6.44762	6.46412	6.44676	6.45990	75712	0	121
2021.09.08	6.46140	6.46266	6.45290	6.45290	71395	0	120
2021.09.09	6.45572	6.46159	6.44568	6.44930	73143	0	120
2021.09.10	6.45006	6.45430	6.42526	6.44270	65864	0	120
2021.09.13	6.44020	6.45321	6.43458	6.44070	66617	0	120
2021.09.14	6.44121	6.44656	6.42891	6.43280	70713	0	120
2021.09.15	6.43215	6.44274	6.42320	6.42320	66160	0	120
2021.09.16	6.42490	6.45420	6.42490	6.44750	73602	0	122
2021.09.17	6.45081	6.47270	6.44357	6.46860	72163	0	120
2021.09.20	6.46811	6.48729	6.46811	6.47880	70468	0	120
2021.09.21	6.48122	6.48695	6.47126	6.48000	68068	0	120
2021.09.22	6.47780	6.48648	6.45279	6.46660	83158	0	121
2021.09.23	6.46250	6.47397	6.45161	6.45830	104100	0	121
2021.09.24	6.46020	6.47224	6.45689	6.45940	90113	0	120
2021.09.27	6.46043	6.46850	6.45258	6.45570	82235	0	121
2021.09.28	6.45512	6.46604	6.45261	6.46360	102337	0	120
2021.09.29	6.46926	6.47915	6.46505	6.47480	98547	0	120
2021.09.30	6.47618	6.47880	6.44452	6.44780	103439	0	120
2021.10.01	6.45013	6.46106	6.42764	6.43260	76807	0	122
2021.10.04	6.44450	6.45820	6.42750	6.44820	72034	0	127
2021.10.05	6.44799	6.45903	6.44128	6.44520	66167	0	123
2021.10.06	6.44233	6.46989	6.44233	6.45290	91469	0	120
2021.10.07	6.45310	6.45639	6.44696	6.45130	59960	0	123
2021.10.08	6.44779	6.45487	6.44086	6.44420	85731	0	120
2021.10.11	6.44150	6.45906	6.43414	6.45570	68790	0	120
2021.10.12	6.45658	6.46359	6.44843	6.45250	76227	0	120
2021.10.13	6.45234	6.45633	6.42433	6.42660	76165	0	128
2021.10.14	6.42553	6.43910	6.42504	6.43290	61934	0	127
2021.10.15	6.43447	6.43701	6.42136	6.43230	71533	0	120
2021.10.18	6.43050	6.43806	6.42446	6.42680	65932	0	126
2021.10.19	6.42507	6.42832	6.36780	6.37460	91206	0	120
2021.10.20	6.37223	6.39452	6.36860	6.39180	78638	0	120
2021.10.21	6.38992	6.39930	6.38228	6.39110	75943	0	120
2021.10.22	6.39237	6.39734	6.37636	6.38170	80833	0	120
2021.10.25	6.37770	6.38760	6.37388	6.37860	67864	0	120
2021.10.26	6.37997	6.38470	6.37446	6.37600	65530	0	120
2021.10.27	6.37528	6.39578	6.37473	6.39100	75624	0	121
2021.10.28	6.39203	6.40368	6.38570	6.38600	84986	0	120
2021.10.29	6.38680	6.40953	6.38150	6.40390	80640	0	120
2021.11.01	6.40419	6.40850	6.39170	6.39364	66065	0	120
2021.11.02	6.39364	6.40246	6.39107	6.39766	51781	0	123
2021.11.03	6.39766	6.40575	6.39111	6.39247	69454	0	120
2021.11.04	6.39247	6.40126	6.39002	6.39517	67656	0	120
2021.11.05	6.39517	6.40660	6.39230	6.39230	72506	0	120
2021.11.08	6.39412	6.39849	6.38607	6.38830	56078	0	122
2021.11.09	6.38740	6.39712	6.38547	6.38880	71376	0	123
2021.11.10	6.38552	6.40103	6.38348	6.39810	72379	0	120
2021.11.11	6.39735	6.40688	6.38346	6.39030	70221	0	121
2021.11.12	6.39044	6.39386	6.37026	6.37893	80902	0	120
2021.11.15	6.37507	6.38397	6.37265	6.38105	85099	0	120
2021.11.16	6.38099	6.39691	6.36086	6.39041	101462	0	122
2021.11.17	6.38682	6.39232	6.37162	6.37317	72352	0	121
2021.11.18	6.37176	6.38913	6.37174	6.38075	80423	0	127
2021.11.19	6.37749	6.39446	6.37740	6.38930	87617	0	125
2021.11.22	6.38450	6.39449	6.37620	6.38942	73808	0	121
2021.11.23	6.38690	6.39410	6.38253	6.38921	72675	0	122
2021.11.24	6.38844	6.39777	6.38581	6.39515	69155	0	120
2021.11.25	6.39428	6.39521	6.38556	6.38619	57004	0	120
2021.11.26	6.38569	6.39917	6.38568	6.39594	83585	0	121
2021.11.29	6.39490	6.39584	6.38019	6.38510	67553	0	120
2021.11.30	6.38400	6.38582	6.36353	6.36360	92668	0	123
2021.12.01	6.36357	6.37404	6.36229	6.37264	71269	0	120
2021.12.02	6.36998	6.37684	6.36716	6.37158	73750	0	128
2021.12.03	6.37048	6.37913	6.36595	6.37187	78779	0	122
2021.12.06	6.37050	6.37837	6.36755	6.37384	64832	0	129
2021.12.07	6.37326	6.37577	6.36239	6.36244	62375	0	120
2021.12.08	6.36260	6.36589	6.32977	6.34460	64108	0	120
2021.12.09	6.34450	6.38311	6.33859	6.37690	61251	0	121
2021.12.10	6.37539	6.38838	6.36365	6.37540	46917	0	127
2021.12.13	6.36829	6.37582	6.36307	6.37412	43523	0	128
2021.12.14	6.37348	6.37435	6.36646	6.37268	44838	0	121
2021.12.15	6.36641	6.38015	6.36630	6.37440	51761	0	120
2021.12.16	6.37190	6.38019	6.37016	6.37950	59916	0	120
2021.12.17	6.37768	6.39302	6.37376	6.38770	54499	0	120
2021.12.20	6.38555	6.38933	6.38034	6.38230	51020	0	120
2021.12.21	6.38050	6.38390	6.37462	6.37520	43819	0	120
2021.12.22	6.37507	6.38107	6.37346	6.37559	42557	0	121
2021.12.23	6.37550	6.37855	6.37186	6.37468	40029	0	120
2021.12.24	6.37329	6.37839	6.36255	6.37181	18515	0	121
2021.12.27	6.37216	6.37621	6.36920	6.37440	31162	0	127
2021.12.28	6.37237	6.37698	6.36944	6.37344	35423	0	123
2021.12.29	6.36997	6.37376	6.36522	6.36900	38308	0	125
2021.12.30	6.36879	6.37868	6.36605	6.37472	44028	0	120
2021.12.31	6.37470	6.37821	6.33707	6.36436	47940	0	124
2022.01.03	6.34599	6.37437	6.34495	6.37375	48069	0	121
2022.01.04	6.37143	6.38238	6.36905	6.37358	51102	0	120
2022.01.05	6.37050	6.37643	6.36525	6.37440	54550	0	120
2022.01.06	6.36829	6.39682	6.36829	6.39351	57967	0	120
2022.01.07	6.39374	6.39493	6.37748	6.38150	55003	0	120
2022.01.10	6.38010	6.38559	6.37624	6.38060	55105	0	122
2022.01.11	6.37780	6.38349	6.37551	6.37650	49437	0	120
2022.01.12	6.37639	6.37683	6.35966	6.36068	48305	0	120
2022.01.13	6.36020	6.36796	6.35647	6.36339	54044	0	120
2022.01.14	6.36207	6.36611	6.34172	6.35689	66061	0	121
